{
  "type" : "FeatureCollection",
  "features" : [{"type":"Feature","id":0,"geometry":{"type":"Polygon","coordinates":[[[77.662537652257953,20.831574159858022],[77.662724139769537,20.832376953797791],[77.662306394797142,20.832578825720883],[77.661999413173618,20.83272745200901],[77.661585751970904,20.832903817137563],[77.661307978763958,20.833021781940907],[77.660608354264042,20.833260269103544],[77.660230435595267,20.833393218241369],[77.659672161283609,20.831198079614218],[77.660601593516873,20.831098566315461],[77.661362777901459,20.831017063620589],[77.661390845680117,20.831094748643103],[77.661404992075347,20.831133902513642],[77.662064391695083,20.831113288761856],[77.662430217451998,20.831094581984917],[77.662537652257953,20.831574159858022]]]},"properties":{"FID":0,"Join_Count":0,"TARGET_FID":0,"Layer":"TEXT_PARCEL","Text":"18","vill_code":"533011","LGD_CODE":"533011"}},{"type":"Feature","id":1,"geometry":{"type":"Polygon","coordinates":[[[77.666703824205399,20.827955346140744],[77.666599048881423,20.828523028880493],[77.666383803868001,20.828856629866365],[77.666168956759833,20.829105346612948],[77.665212615080492,20.830212438819334],[77.6645610325305,20.831079380882422],[77.663817673874448,20.832068417806795],[77.663464683887085,20.832161434222236],[77.662817433930229,20.832331869942024],[77.662724139769537,20.832376953797791],[77.662537652257953,20.831574159858022],[77.662430217451998,20.831094581984917],[77.662429635193405,20.831089718898099],[77.662409402933974,20.830920736697148],[77.662744868366659,20.829950681680156],[77.662696134292318,20.82928604276718],[77.662337036939775,20.828411716776497],[77.663246556673002,20.828382715782503],[77.6635290690663,20.828342027120989],[77.66526623403962,20.828191640653074],[77.66671037700614,20.827919843794973],[77.666703824205399,20.827955346140744]]]},"properties":{"FID":1,"Join_Count":0,"TARGET_FID":0,"Layer":"TEXT_PARCEL","Text":"22","vill_code":"533011","LGD_CODE":"533011"}},{"type":"Feature","id":2,"geometry":{"type":"Polygon","coordinates":[[[77.658079650432413,20.829405537654281],[77.658329944659883,20.83022821285433],[77.658649867601653,20.831107992758128],[77.658676784688993,20.831182013585572],[77.658754118168687,20.831442764582253],[77.658299269243713,20.831613500116291],[77.657881459180317,20.831720370636408],[77.656888459476576,20.832136261490366],[77.656752068932647,20.831117139347004],[77.656474720830388,20.829044728205133],[77.656462728092023,20.828955116801858],[77.656341646005856,20.827680924017969],[77.656861918059846,20.827343107474473],[77.657824516221794,20.827206246736598],[77.658079650432413,20.829405537654281]]]},"properties":{"FID":2,"Join_Count":0,"TARGET_FID":0,"Layer":"TEXT_PARCEL","Text":"15","vill_code":"533011","LGD_CODE":"533011"}},{"type":"Feature","id":3,"geometry":{"type":"Polygon","coordinates":[[[77.661073955730544,20.827471756897179],[77.661128591244321,20.827657770118606],[77.661068577001146,20.827822569286813],[77.661023823434505,20.828023304200268],[77.66100325100858,20.828692898730662],[77.661002502825667,20.829349414091318],[77.661189742045394,20.830443319614197],[77.661362777901459,20.831017063620596],[77.660601593516873,20.831098566315461],[77.659672161283609,20.831198079614218],[77.659310522059684,20.831210560491943],[77.658754118168687,20.831442764582253],[77.658676784688993,20.831182013585572],[77.658649867601653,20.831107992758128],[77.658329944659883,20.83022821285433],[77.658079650432413,20.829405537654281],[77.657824516221794,20.827206246736598],[77.658587393730727,20.827263237684043],[77.658876761990399,20.827265302861317],[77.659819622272565,20.827044103199508],[77.660227270065732,20.826955874450611],[77.660582580462844,20.826888254329983],[77.660818313193872,20.82712151368224],[77.661073955730544,20.827471756897179]]]},"properties":{"FID":3,"Join_Count":0,"TARGET_FID":0,"Layer":"TEXT_PARCEL","Text":"19","vill_code":"533011","LGD_CODE":"533011"}},{"type":"Feature","id":4,"geometry":{"type":"Polygon","coordinates":[[[77.662158281131951,20.828124036727846],[77.662337036939775,20.828411716776497],[77.662696134292318,20.82928604276718],[77.662744868366659,20.829950681680156],[77.662409402933974,20.830920736697148],[77.662429635193405,20.831089718898099],[77.662430217451998,20.831094581984917],[77.662064391695083,20.831113288761863],[77.661404992075347,20.831133902513642],[77.661390845680117,20.831094748643103],[77.661362777901459,20.831017063620596],[77.661189742045394,20.830443319614197],[77.661002502825667,20.829349414091318],[77.66100325100858,20.828692898730662],[77.661023823434505,20.828023304200268],[77.661068577001146,20.827822569286813],[77.661128591244321,20.827657770118606],[77.662158281131951,20.828124036727846]]]},"properties":{"FID":4,"Join_Count":0,"TARGET_FID":0,"Layer":"TEXT_PARCEL","Text":"20","vill_code":"533011","LGD_CODE":"533011"}},{"type":"Feature","id":5,"geometry":{"type":"Polygon","coordinates":[[[77.66374292909579,20.827405416314196],[77.663938797895284,20.827623165984622],[77.6635290690663,20.828342027120989],[77.663246556673002,20.828382715782503],[77.662337036939775,20.828411716776497],[77.662158281131951,20.828124036727846],[77.661128591244321,20.827657770118606],[77.661073955730544,20.827471756897179],[77.660818313193872,20.82712151368224],[77.660582580462844,20.826888254329983],[77.660227270065732,20.826955874450611],[77.660229069373514,20.8266118416335],[77.660174350879629,20.826295764859644],[77.661349123557329,20.82592891205757],[77.661940436189184,20.826032048055161],[77.661985688124616,20.826039636546646],[77.662551265170364,20.826405317546616],[77.663070431622899,20.826771861794366],[77.66374292909579,20.827405416314196]]]},"properties":{"FID":5,"Join_Count":0,"TARGET_FID":0,"Layer":"TEXT_PARCEL","Text":"21","vill_code":"533011","LGD_CODE":"533011"}},{"type":"Feature","id":6,"geometry":{"type":"Polygon","coordinates":[[[77.66671037700614,20.827919843794973],[77.66526623403962,20.828191640653074],[77.6635290690663,20.828342027120989],[77.663938797895284,20.827623165984622],[77.66374292909579,20.827405416314196],[77.664608411346236,20.827371628060135],[77.665373565485879,20.827402677115192],[77.666727247064188,20.827238448134768],[77.666908056110756,20.827231074833779],[77.666898944482767,20.827262822416188],[77.66671037700614,20.827919843794973]]]},"properties":{"FID":6,"Join_Count":0,"TARGET_FID":0,"Layer":"TEXT_PARCEL","Text":"23","vill_code":"533011","LGD_CODE":"533011"}},{"type":"Feature","id":7,"geometry":{"type":"Polygon","coordinates":[[[77.656861918059846,20.827343107474473],[77.656341646005856,20.827680924017969],[77.656299704160858,20.827500457899976],[77.655840801752234,20.826369961199937],[77.655309338973879,20.825060693820014],[77.655159466135373,20.824691475235074],[77.656423947282207,20.824188940928739],[77.658505928564708,20.824160816463621],[77.658504987205362,20.824210933768668],[77.658579888183738,20.82458262235582],[77.658659454502285,20.824924439070646],[77.658687174390408,20.825265465714786],[77.658693632977403,20.825347065613006],[77.658764633026607,20.825779025052476],[77.658852672320378,20.826241278326918],[77.658916751200564,20.826618103757895],[77.658876761990399,20.827265302861317],[77.658587393730727,20.827263237684043],[77.657824516221794,20.827206246736598],[77.656861918059846,20.827343107474473]]]},"properties":{"FID":7,"Join_Count":0,"TARGET_FID":0,"Layer":"TEXT_PARCEL","Text":"14","vill_code":"533011","LGD_CODE":"533011"}},{"type":"Feature","id":8,"geometry":{"type":"Polygon","coordinates":[[[77.668015790946782,20.825145637819148],[77.667086659912727,20.826582969012456],[77.66708120492892,20.826602763724285],[77.666908056110756,20.827231074833779],[77.666727247064188,20.827238448134768],[77.665373565485879,20.827402677115192],[77.664608411346236,20.827371628060135],[77.665364877471248,20.825540739608105],[77.665518252323736,20.824341575754911],[77.665540648276874,20.824131976139039],[77.665599079857159,20.823670459295798],[77.666622051087415,20.823782590346507],[77.667317235240105,20.823808457697979],[77.668427054251566,20.823588940120626],[77.668631231803531,20.823781857188671],[77.668015790946782,20.825145637819148]]]},"properties":{"FID":8,"Join_Count":0,"TARGET_FID":0,"Layer":"TEXT_PARCEL","Text":"25","vill_code":"533011","LGD_CODE":"533011"}},{"type":"Feature","id":9,"geometry":{"type":"Polygon","coordinates":[[[77.665364877471248,20.825540739608105],[77.664608411346236,20.827371628060135],[77.66374292909579,20.827405416314196],[77.663070431622899,20.826771861794366],[77.662551265170364,20.826405317546616],[77.661985688124616,20.826039636546646],[77.661940436189184,20.826032048055161],[77.661930357925016,20.825266933217279],[77.663351825728355,20.825042604038561],[77.665518252323736,20.824341575754911],[77.665364877471248,20.825540739608105]]]},"properties":{"FID":9,"Join_Count":0,"TARGET_FID":0,"Layer":"TEXT_PARCEL","Text":"24","vill_code":"533011","LGD_CODE":"533011"}},{"type":"Feature","id":10,"geometry":{"type":"Polygon","coordinates":[[[77.660174350879629,20.826295764859644],[77.660229069373514,20.8266118416335],[77.660227270065732,20.826955874450611],[77.659819622272565,20.827044103199508],[77.658876761990399,20.827265302861317],[77.658916751200564,20.826618103757895],[77.658852672320378,20.826241278326918],[77.658764633026607,20.825779025052476],[77.658693632977403,20.825347065613006],[77.658687174390408,20.825265465714786],[77.660553290008863,20.825338377861947],[77.661478009544552,20.82533687566298],[77.661930357925016,20.825266933217279],[77.661940436189184,20.826032048055161],[77.661349123557329,20.82592891205757],[77.660174350879629,20.826295764859644]]]},"properties":{"FID":10,"Join_Count":0,"TARGET_FID":0,"Layer":"TEXT_PARCEL","Text":"13","vill_code":"533011","LGD_CODE":"533011"}},{"type":"Feature","id":11,"geometry":{"type":"Polygon","coordinates":[[[77.665599079857159,20.823670459295798],[77.665540648276874,20.824131976139039],[77.665518252323736,20.824341575754911],[77.663351825728355,20.825042604038561],[77.661930357925016,20.825266933217279],[77.661478009544552,20.82533687566298],[77.660553290008863,20.825338377861947],[77.658687174390408,20.825265465714786],[77.658659454502285,20.824924439070646],[77.658579888183738,20.82458262235582],[77.658504987205362,20.824210933768668],[77.658505928564708,20.824160816463621],[77.658510647228894,20.823912482019374],[77.659242936570038,20.823887463796055],[77.660414162313685,20.823650702879096],[77.662229165242408,20.8234091869639],[77.663061724464114,20.823309179871693],[77.663336487666342,20.82328655921474],[77.664856799111504,20.823175873846139],[77.66528360915018,20.823179285947166],[77.665426318404798,20.823149640291149],[77.665599079857159,20.823670459295798]]]},"properties":{"FID":11,"Join_Count":0,"TARGET_FID":0,"Layer":"TEXT_PARCEL","Text":"12","vill_code":"533011","LGD_CODE":"533011"}},{"type":"Feature","id":12,"geometry":{"type":"Polygon","coordinates":[[[77.658524194219083,20.823394953575168],[77.658510647228894,20.823912482019374],[77.658505928564708,20.824160816463621],[77.656423947282207,20.824188940928739],[77.655159466135373,20.824691475235074],[77.654645890292798,20.823485358863611],[77.654627246010691,20.823441572226141],[77.654142127109779,20.823239757779398],[77.654039158781089,20.82322204520942],[77.654095752697444,20.822623583275739],[77.654269744151662,20.822575402984871],[77.654557586636116,20.822688664838797],[77.655396738395268,20.822925350926244],[77.656454258974776,20.823075599979795],[77.656334456252424,20.822532471102953],[77.656519240398197,20.822479474808045],[77.656811288469555,20.822419590430044],[77.657276037576054,20.822301719378771],[77.657493380703301,20.822250200415084],[77.657584894964444,20.822228774843524],[77.657908166551991,20.822603359606788],[77.658562681440074,20.822577158694621],[77.658538026150566,20.822931475651899],[77.658524194219083,20.823394953575168]]]},"properties":{"FID":12,"Join_Count":0,"TARGET_FID":0,"Layer":"TEXT_PARCEL","Text":"125","vill_code":"533011","LGD_CODE":"533011"}},{"type":"Feature","id":13,"geometry":{"type":"Polygon","coordinates":[[[77.659802623646073,20.821542116274735],[77.659908272758429,20.821686134096129],[77.660160743576938,20.822122546997107],[77.66021474085845,20.822302371895809],[77.660414162313685,20.823650702879096],[77.659242936570038,20.823887463796055],[77.658510647228894,20.823912482019374],[77.658524194219083,20.823394953575168],[77.658538026150566,20.822931475651899],[77.658562681440074,20.822577158694621],[77.658751829279566,20.821180135641455],[77.658924711159329,20.820014066437597],[77.659802623646073,20.821542116274735]]]},"properties":{"FID":13,"Join_Count":0,"TARGET_FID":0,"Layer":"TEXT_PARCEL","Text":"9","vill_code":"533011","LGD_CODE":"533011"}},{"type":"Feature","id":14,"geometry":{"type":"Polygon","coordinates":[[[77.667317235240105,20.823808457697979],[77.666622051087415,20.823782590346507],[77.665599079857159,20.823670459295798],[77.665426318404798,20.823149640291149],[77.667187295699108,20.822387046926881],[77.667317235240105,20.823808457697979]]]},"properties":{"FID":14,"Join_Count":0,"TARGET_FID":0,"Layer":"TEXT_PARCEL","Text":"26","vill_code":"533011","LGD_CODE":"533011"}},{"type":"Feature","id":15,"geometry":{"type":"Polygon","coordinates":[[[77.667317235240105,20.823808457697979],[77.667187295699108,20.822387046926881],[77.667178083249439,20.822241840608388],[77.66889274158315,20.821726711629537],[77.66924624836382,20.821775637939943],[77.670489448292273,20.822491585256685],[77.668952321066413,20.823516252154263],[77.668754373986729,20.823679994123374],[77.668631231803531,20.823781857188671],[77.668427054251566,20.823588940120626],[77.667317235240105,20.823808457697979]]]},"properties":{"FID":15,"Join_Count":0,"TARGET_FID":0,"Layer":"TEXT_PARCEL","Text":"28","vill_code":"533011","LGD_CODE":"533011"}},{"type":"Feature","id":16,"geometry":{"type":"Polygon","coordinates":[[[77.662174405513923,20.821947307344058],[77.663174132884777,20.822111971458792],[77.663336487666342,20.82328655921474],[77.663061724464114,20.823309179871693],[77.662229165242408,20.8234091869639],[77.660414162313685,20.823650702879096],[77.66021474085845,20.822302371895809],[77.660160743576938,20.822122546997107],[77.659908272758429,20.821686134096129],[77.660381910755788,20.821540045315285],[77.660642945892889,20.821429682021602],[77.660770041569165,20.82141140214161],[77.660975340371536,20.821704543091425],[77.661170563498786,20.821916107206849],[77.661489060139587,20.821842530682105],[77.661937618562959,20.821741644921701],[77.662174405513923,20.821947307344058]]]},"properties":{"FID":16,"Join_Count":0,"TARGET_FID":0,"Layer":"TEXT_PARCEL","Text":"10","vill_code":"533011","LGD_CODE":"533011"}},{"type":"Feature","id":17,"geometry":{"type":"Polygon","coordinates":[[[77.663336487666342,20.82328655921474],[77.663174132884777,20.822111971458792],[77.663208052829049,20.821574039508054],[77.662935681055373,20.820113573766264],[77.66341639020672,20.819938152697762],[77.663695862655004,20.81989523100296],[77.66392787358113,20.819882459540644],[77.664004340129537,20.819865633223145],[77.665426318404798,20.823149640291149],[77.66528360915018,20.823179285947166],[77.664856799111504,20.823175873846139],[77.663336487666342,20.82328655921474]]]},"properties":{"FID":17,"Join_Count":0,"TARGET_FID":0,"Layer":"TEXT_PARCEL","Text":"11","vill_code":"533011","LGD_CODE":"533011"}},{"type":"Feature","id":18,"geometry":{"type":"Polygon","coordinates":[[[77.652859441086605,20.820958122742628],[77.65286551318853,20.820966529286579],[77.652878537661437,20.820984072641835],[77.654095752697444,20.822623583275739],[77.654039158781089,20.82322204520942],[77.654011267203686,20.823217247805413],[77.651174147069796,20.822729194852272],[77.649962080061812,20.822520676245148],[77.650265226512289,20.821815477549432],[77.650279473923064,20.821782522672368],[77.651843441787946,20.821681093346392],[77.652002300161641,20.821574120851157],[77.652848819523982,20.820933072987792],[77.652859441086605,20.820958122742628]]]},"properties":{"FID":18,"Join_Count":0,"TARGET_FID":0,"Layer":"TEXT_PARCEL","Text":"121","vill_code":"533011","LGD_CODE":"533011"}},{"type":"Feature","id":19,"geometry":{"type":"Polygon","coordinates":[[[77.664563392933502,20.819913792750423],[77.665142670446329,20.820818779611791],[77.666112189990429,20.821198147027268],[77.667178083249439,20.822241840608388],[77.667187295699108,20.822387046926881],[77.665426318404798,20.823149640291149],[77.664004340129537,20.819865633223145],[77.664202430942709,20.819822114576606],[77.664427592984836,20.819768284505773],[77.664563392933502,20.819913792750423]]]},"properties":{"FID":19,"Join_Count":0,"TARGET_FID":0,"Layer":"TEXT_PARCEL","Text":"27","vill_code":"533011","LGD_CODE":"533011"}},{"type":"Feature","id":20,"geometry":{"type":"Polygon","coordinates":[[[77.656334456252424,20.822532471102953],[77.656454258974776,20.823075599979795],[77.655396738395268,20.822925350926244],[77.654557586636116,20.822688664838797],[77.654269744151662,20.822575402984871],[77.654306417579576,20.820956265196155],[77.654298891002554,20.820926098168183],[77.654575463378578,20.820926771369553],[77.655202722145106,20.820762247987652],[77.655688701493034,20.82032612071383],[77.655924372135487,20.820665240816005],[77.656334456252424,20.822532471102953]]]},"properties":{"FID":20,"Join_Count":0,"TARGET_FID":0,"Layer":"TEXT_PARCEL","Text":"123","vill_code":"533011","LGD_CODE":"533011"}},{"type":"Feature","id":21,"geometry":{"type":"Polygon","coordinates":[[[77.653749536213226,20.818847294196228],[77.653827446920204,20.819036495073423],[77.654298891002554,20.820926098168183],[77.654306417579576,20.820956265196155],[77.654269744151662,20.822575402984871],[77.654095752697444,20.822623583275739],[77.652878537661437,20.820984072641835],[77.65286551318853,20.820966529286579],[77.652859441086605,20.820958122742628],[77.652848819523982,20.820933072987792],[77.65213374508258,20.819246631191778],[77.652431845507863,20.818731770245019],[77.652657836346236,20.818145303509237],[77.652851902259656,20.817563546641875],[77.653749536213226,20.818847294196228]]]},"properties":{"FID":21,"Join_Count":0,"TARGET_FID":0,"Layer":"TEXT_PARCEL","Text":"122","vill_code":"533011","LGD_CODE":"533011"}},{"type":"Feature","id":22,"geometry":{"type":"Polygon","coordinates":[[[77.658562681440074,20.822577158694621],[77.657908166551991,20.822603359606788],[77.657584894964444,20.822228774843524],[77.657493380703301,20.822250200415084],[77.657227592899645,20.821458586809946],[77.657279663135469,20.820128328400134],[77.657303898719761,20.819808359521598],[77.657300411359998,20.819603995220383],[77.657238757764972,20.819343139594359],[77.657156426110632,20.819047508727028],[77.657107261252662,20.818868777320702],[77.65725725891555,20.818735489276332],[77.658613079448614,20.818759923760414],[77.658716077252819,20.819201812982538],[77.658854559561476,20.819742568573556],[77.658924711159329,20.820014066437597],[77.658751829279566,20.821180135641455],[77.658562681440074,20.822577158694621]]]},"properties":{"FID":22,"Join_Count":0,"TARGET_FID":0,"Layer":"TEXT_PARCEL","Text":"126","vill_code":"533011","LGD_CODE":"533011"}},{"type":"Feature","id":23,"geometry":{"type":"Polygon","coordinates":[[[77.671053827310885,20.821730027496422],[77.671063043048463,20.821875233690236],[77.671132878291658,20.821971057815738],[77.670489448292273,20.822491585256685],[77.66924624836382,20.821775637939943],[77.66889274158315,20.821726711629537],[77.668016375521404,20.820504428670336],[77.667548424137593,20.81922654743552],[77.667327722051738,20.817966756448602],[77.669342783740149,20.81941977223395],[77.669095556209271,20.819630843200081],[77.670502011264148,20.821458309192067],[77.670722400248195,20.821300902073368],[77.671053827310885,20.821730027496422]]]},"properties":{"FID":23,"Join_Count":0,"TARGET_FID":0,"Layer":"TEXT_PARCEL","Text":"29","vill_code":"533011","LGD_CODE":"533011"}},{"type":"Feature","id":24,"geometry":{"type":"Polygon","coordinates":[[[77.656938357290869,20.818731360758392],[77.657107261252662,20.818868777320702],[77.657156426110632,20.819047508727028],[77.657238757764972,20.819343139594359],[77.657300411359998,20.819603995220383],[77.657303898719761,20.819808359521598],[77.657279663135469,20.820128328400134],[77.657227592899645,20.821458586809946],[77.657493380703301,20.822250200415084],[77.657276037576054,20.822301719378771],[77.656811288469555,20.822419590430044],[77.656519240398197,20.822479474808045],[77.656334456252424,20.822532471102953],[77.655924372135487,20.820665240816005],[77.655688701493034,20.82032612071383],[77.65617900479765,20.81968107279982],[77.656254983397559,20.819571349594177],[77.656385644590699,20.819314316572157],[77.656512162958748,20.819071949506622],[77.656542315146254,20.818959707481696],[77.656568209341202,20.818840173356357],[77.65655111970969,20.818685445304663],[77.656938357290869,20.818731360758392]]]},"properties":{"FID":24,"Join_Count":0,"TARGET_FID":0,"Layer":"TEXT_PARCEL","Text":"124","vill_code":"533011","LGD_CODE":"533011"}},{"type":"Feature","id":25,"geometry":{"type":"Polygon","coordinates":[[[77.657491662180263,20.811394595679147],[77.657141225629147,20.811809583288831],[77.656726583055331,20.812280164939413],[77.65542759301897,20.813769397555372],[77.654357778468963,20.815170428872943],[77.653986725889553,20.815680135125447],[77.653534308705545,20.816307480386222],[77.653306601937871,20.816680563998226],[77.653242143239609,20.816803162090746],[77.652851902259656,20.817563546641875],[77.652657836346236,20.818145303509237],[77.652431845507863,20.818731770245019],[77.65213374508258,20.819246631191781],[77.652109249270453,20.819288454830687],[77.651838410877872,20.819599315448109],[77.651617674842385,20.819808503767046],[77.651108069860669,20.820339365323477],[77.650841074867316,20.820809542245989],[77.650553710192,20.821304060893564],[77.650280116777395,20.821781035722207],[77.650279473923064,20.821782522672368],[77.650265226512289,20.821815477549432],[77.649962080061812,20.822520676245148],[77.649862827759875,20.822479074180883],[77.649857565033216,20.822476868288962],[77.650102741361778,20.821867761219028],[77.65037724991214,20.821365614120666],[77.650397112269957,20.82132928059535],[77.650505830762441,20.82113939610176],[77.650934462521604,20.820339357902903],[77.65147972048652,20.819825158463228],[77.65202560302869,20.81920059553125],[77.652350121046396,20.818550432402144],[77.652499456916914,20.818175040906141],[77.652573233713866,20.817989884543891],[77.652764010527591,20.817470647488058],[77.653121282301427,20.816745385006822],[77.65332358177983,20.816355011093055],[77.653522159885611,20.816059816466744],[77.653574795997542,20.815981775566915],[77.653912653823681,20.815578701322341],[77.655324715694348,20.813692361654972],[77.655721416058142,20.813247237036652],[77.656610876393785,20.812170555630942],[77.657381100812856,20.811346326220193],[77.657491662180263,20.811394595679147]]]},"properties":{"FID":25,"Join_Count":0,"TARGET_FID":0,"Layer":" ","Text":" ","vill_code":"533011","LGD_CODE":"533011"}},{"type":"Feature","id":26,"geometry":{"type":"Polygon","coordinates":[[[77.649305482626659,20.819260347017725],[77.650238867093663,20.821039203654074],[77.650397112269957,20.82132928059535],[77.65037724991214,20.821365614120666],[77.650102741361778,20.821867761219032],[77.649857565033216,20.822476868288962],[77.648937099754406,20.822250816056901],[77.648934852031175,20.822242052191704],[77.648646491868675,20.821117604131803],[77.648206103266233,20.819400297886592],[77.649258395804651,20.819131711708753],[77.649305482626659,20.819260347017725]]]},"properties":{"FID":26,"Join_Count":0,"TARGET_FID":0,"Layer":"TEXT_PARCEL","Text":"119","vill_code":"533011","LGD_CODE":"533011"}},{"type":"Feature","id":27,"geometry":{"type":"Polygon","coordinates":[[[77.668016375521404,20.820504428670336],[77.66889274158315,20.821726711629537],[77.667178083249439,20.822241840608388],[77.666112189990429,20.821198147027268],[77.665142670446329,20.820818779611791],[77.664563392933502,20.819913792750423],[77.664427592984836,20.819768284505773],[77.664269981062191,20.819374613367668],[77.665960116859097,20.819012818491231],[77.666029230758795,20.818860344294496],[77.666471267195249,20.819348440226197],[77.667548424137593,20.81922654743552],[77.668016375521404,20.820504428670336]]]},"properties":{"FID":27,"Join_Count":0,"TARGET_FID":0,"Layer":"TEXT_PARCEL","Text":"32","vill_code":"533011","LGD_CODE":"533011"}},{"type":"Feature","id":28,"geometry":{"type":"Polygon","coordinates":[[[77.663174132884777,20.822111971458792],[77.662174405513923,20.821947307344058],[77.661937618562959,20.821741644921701],[77.661489060139587,20.821842530682105],[77.661170563498786,20.821916107206849],[77.660975340371536,20.821704543091425],[77.660770041569165,20.82141140214161],[77.660642945892889,20.821429682021602],[77.660559238488162,20.820875059588946],[77.660294831654085,20.819206209371089],[77.660233157672451,20.818828240383223],[77.660385488918578,20.818908893634347],[77.660718995908383,20.819053120948801],[77.660891570526616,20.819200082171964],[77.661151347604999,20.819422488414087],[77.66139457032989,20.81959207519181],[77.661536332785118,20.819725722801195],[77.661675881928844,20.819782809970562],[77.661987939727297,20.819860171531946],[77.662571147565302,20.820030361517563],[77.662935681055373,20.820113573766264],[77.663208052829049,20.821574039508054],[77.663174132884777,20.822111971458792]]]},"properties":{"FID":28,"Join_Count":0,"TARGET_FID":0,"Layer":"TEXT_PARCEL","Text":"7","vill_code":"533011","LGD_CODE":"533011"}},{"type":"Feature","id":29,"geometry":{"type":"Polygon","coordinates":[[[77.672708504143785,20.821386423830614],[77.672234910219956,20.821538736122676],[77.671393732893293,20.821868726840833],[77.67114247843719,20.821967291770076],[77.671132878291658,20.821971057815738],[77.671063043048463,20.821875233690236],[77.671053827310885,20.821730027496422],[77.670722400248195,20.821300902073368],[77.670502011264148,20.821458309192067],[77.669095556209271,20.819630843200081],[77.669342783740149,20.81941977223395],[77.667327722051738,20.817966756448602],[77.666612607773217,20.816796337424169],[77.667529210754807,20.816977287186919],[77.668347793967797,20.816297405187949],[77.670102567000342,20.818790380095756],[77.670350392063654,20.81914291675908],[77.670546708177454,20.819106159737103],[77.67064546049842,20.819198979600561],[77.670999409601052,20.819557014150107],[77.671351910707699,20.819869450426275],[77.671704370935245,20.820174003559956],[77.672030111078413,20.82044156983072],[77.672219972724633,20.82066272998162],[77.672503498875543,20.821039240482911],[77.672708504143785,20.821386423830614]]]},"properties":{"FID":29,"Join_Count":0,"TARGET_FID":0,"Layer":"TEXT_PARCEL","Text":"30","vill_code":"533011","LGD_CODE":"533011"}},{"type":"Feature","id":30,"geometry":{"type":"Polygon","coordinates":[[[77.652848819523982,20.820933072987792],[77.652002300161641,20.821574120851157],[77.651843441787946,20.821681093346392],[77.650279473923064,20.821782522672368],[77.650280116777395,20.821781035722207],[77.650553710192,20.821304060893564],[77.650841074867316,20.820809542245989],[77.651108069860669,20.820339365323473],[77.651617674842385,20.819808503767046],[77.651838410877872,20.819599315448109],[77.652109249270453,20.819288454830687],[77.65213374508258,20.819246631191778],[77.652848819523982,20.820933072987792]]]},"properties":{"FID":30,"Join_Count":0,"TARGET_FID":0,"Layer":"TEXT_PARCEL","Text":"120","vill_code":"533011","LGD_CODE":"533011"}},{"type":"Feature","id":31,"geometry":{"type":"Polygon","coordinates":[[[77.659141763793954,20.818194571609414],[77.660233157672451,20.818828240383223],[77.660294831654085,20.819206209371089],[77.660559238488162,20.820875059588946],[77.660642945892889,20.821429682021602],[77.660381910755788,20.821540045315285],[77.659908272758429,20.821686134096129],[77.659802623646073,20.821542116274735],[77.658924711159329,20.820014066437597],[77.658854559561476,20.819742568573556],[77.658716077252819,20.819201812982538],[77.658613079448614,20.818759923760414],[77.658595204022262,20.818685154033982],[77.658579743085312,20.817810837652967],[77.659141763793954,20.818194571609414]]]},"properties":{"FID":31,"Join_Count":0,"TARGET_FID":0,"Layer":"TEXT_PARCEL","Text":"8","vill_code":"533011","LGD_CODE":"533011"}},{"type":"Feature","id":32,"geometry":{"type":"Polygon","coordinates":[[[77.671000773141941,20.819361063931165],[77.671435655492587,20.819748409309568],[77.672040581468778,20.82025794714621],[77.67221629255711,20.820425710384903],[77.672570037080902,20.820969549246918],[77.672832473028535,20.821347323722591],[77.672708504143785,20.821386423830614],[77.672503498875543,20.821039240482911],[77.672219972724633,20.82066272998162],[77.672030111078413,20.82044156983072],[77.671704370935245,20.820174003559956],[77.671351910707699,20.819869450426278],[77.670999409601052,20.819557014150107],[77.67064546049842,20.819198979600561],[77.670546708177454,20.819106159737107],[77.670645739253459,20.819025558425384],[77.671000773141941,20.819361063931165]]]},"properties":{"FID":32,"Join_Count":0,"TARGET_FID":0,"Layer":" ","Text":" ","vill_code":"533011","LGD_CODE":"533011"}},{"type":"Feature","id":33,"geometry":{"type":"Polygon","coordinates":[[[77.673368706523206,20.819498694024603],[77.673380998859741,20.820605032279186],[77.67318874102223,20.82095306413089],[77.673050777924232,20.821201426144054],[77.673064076760312,20.821292531042328],[77.672832473028535,20.821347323722588],[77.672570037080902,20.820969549246918],[77.67221629255711,20.820425710384903],[77.672040581468778,20.820257947146207],[77.671435655492587,20.819748409309575],[77.671000773141941,20.819361063931165],[77.670645739253459,20.819025558425388],[77.670546708177454,20.819106159737103],[77.670350392063654,20.81914291675908],[77.670102567000342,20.818790380095756],[77.671237434909798,20.818414716336562],[77.671659740837256,20.819043129238853],[77.672877111531051,20.819215326003572],[77.673465359770475,20.819199643550217],[77.673368706523206,20.819498694024603]]]},"properties":{"FID":33,"Join_Count":0,"TARGET_FID":0,"Layer":"TEXT_PARCEL","Text":"37","vill_code":"533011","LGD_CODE":"533011"}},{"type":"Feature","id":34,"geometry":{"type":"Polygon","coordinates":[[[77.650603507294207,20.81860617229437],[77.650835735252613,20.818635080910411],[77.65147972048652,20.819825158463228],[77.650934462521604,20.820339357902895],[77.650505830762441,20.82113939610176],[77.650397112269957,20.82132928059535],[77.650238867093663,20.821039203654074],[77.649305482626659,20.819260347017725],[77.649258395804651,20.819131711708753],[77.649267473545152,20.818804977492412],[77.649293411682933,20.817871381247869],[77.649879772706669,20.817725718620402],[77.650603507294207,20.81860617229437]]]},"properties":{"FID":34,"Join_Count":0,"TARGET_FID":0,"Layer":"TEXT_PARCEL","Text":"117","vill_code":"533011","LGD_CODE":"533011"}},{"type":"Feature","id":35,"geometry":{"type":"Polygon","coordinates":[[[77.65655111970969,20.818685445304663],[77.656568209341202,20.818840173356357],[77.656542315146254,20.818959707481696],[77.656512162958748,20.819071949506622],[77.656385644590699,20.819314316572157],[77.656254983397559,20.819571349594177],[77.65617900479765,20.81968107279982],[77.655688701493034,20.82032612071383],[77.655202722145106,20.820762247987652],[77.654575463378578,20.820926771369553],[77.654298891002554,20.820926098168183],[77.653827446920204,20.819036495073423],[77.653749536213226,20.818847294196228],[77.652851902259656,20.817563546641875],[77.653242143239609,20.816803162090746],[77.653852715811979,20.817252475211586],[77.65417681781193,20.817444070995787],[77.656163135284999,20.818153621874401],[77.656298136139526,20.81814880694078],[77.65655111970969,20.818685445304663]]]},"properties":{"FID":35,"Join_Count":0,"TARGET_FID":0,"Layer":"TEXT_PARCEL","Text":"128","vill_code":"533011","LGD_CODE":"533011"}},{"type":"Feature","id":36,"geometry":{"type":"Polygon","coordinates":[[[77.676164425845769,20.816709555245161],[77.677156393919148,20.817434126009616],[77.676645415799712,20.817870545869486],[77.673387017794525,20.820594136975728],[77.673380998859741,20.820605032279186],[77.673368706523206,20.819498694024603],[77.673465359770475,20.819199643550217],[77.674044943763718,20.818467816504889],[77.674416283451379,20.81734772356916],[77.67529395009123,20.81723554245589],[77.675526072961574,20.817020057871904],[77.675234288362134,20.816452730514229],[77.675987093800217,20.816662305579889],[77.676137172116796,20.816645799991193],[77.676164425845769,20.816709555245161]]]},"properties":{"FID":36,"Join_Count":0,"TARGET_FID":0,"Layer":"TEXT_PARCEL","Text":"38","vill_code":"533011","LGD_CODE":"533011"}},{"type":"Feature","id":37,"geometry":{"type":"Polygon","coordinates":[[[77.660789200976453,20.816027395447911],[77.661188992637832,20.816396412115829],[77.661606617894208,20.816831751935023],[77.662041922385285,20.817304137100045],[77.662153154152477,20.817933467260623],[77.662182596444509,20.818143293537585],[77.662344201684704,20.818381538992558],[77.662619400434608,20.818784019073043],[77.662973534547803,20.819294090620563],[77.66341639020672,20.819938152697762],[77.662935681055373,20.820113573766264],[77.662571147565302,20.820030361517563],[77.661987939727297,20.819860171531946],[77.661675881928844,20.819782809970562],[77.661536332785118,20.819725722801195],[77.66139457032989,20.81959207519181],[77.661151347604999,20.819422488414087],[77.660891570526616,20.819200082171964],[77.660718995908383,20.819053120948801],[77.660385488918578,20.818908893634347],[77.660233157672451,20.818828240383223],[77.659141763793954,20.818194571609414],[77.658579743085312,20.817810837652967],[77.65856127121566,20.817280000971969],[77.658575462217328,20.816084552323417],[77.65882709533139,20.816021548197799],[77.658943132398207,20.815964490609286],[77.660789200976453,20.816027395447911]]]},"properties":{"FID":37,"Join_Count":0,"TARGET_FID":0,"Layer":"TEXT_PARCEL","Text":"6","vill_code":"533011","LGD_CODE":"533011"}},{"type":"Feature","id":38,"geometry":{"type":"Polygon","coordinates":[[[77.662005751341795,20.815253740638504],[77.662213739093758,20.815600354107669],[77.662399398482492,20.815942045004796],[77.662546236918615,20.816237817943104],[77.662758863743264,20.816776963755995],[77.663169801104928,20.817882936604818],[77.663986737020963,20.818706428686987],[77.664180189426048,20.819152230486246],[77.664269981062191,20.819374613367668],[77.664427592984836,20.819768284505773],[77.664202430942709,20.819822114576606],[77.664004340129537,20.819865633223145],[77.66392787358113,20.819882459540644],[77.663695862655004,20.81989523100296],[77.66341639020672,20.819938152697762],[77.662973534547803,20.819294090620563],[77.662619400434608,20.818784019073043],[77.662344201684704,20.818381538992558],[77.662182596444509,20.818143293537585],[77.662153154152477,20.817933467260623],[77.662041922385285,20.817304137100045],[77.661606617894208,20.816831751935023],[77.661188992637832,20.816396412115829],[77.660789200976453,20.816027395447911],[77.660792676258183,20.815886610104517],[77.660699258647426,20.815091062269303],[77.661652408067965,20.814663144152142],[77.662005751341795,20.815253740638504]]]},"properties":{"FID":38,"Join_Count":0,"TARGET_FID":0,"Layer":"TEXT_PARCEL","Text":"33","vill_code":"533011","LGD_CODE":"533011"}},{"type":"Feature","id":39,"geometry":{"type":"Polygon","coordinates":[[[77.652326859494806,20.817907016471537],[77.652573233713866,20.817989884543895],[77.652499456916914,20.818175040906141],[77.652350121046396,20.818550432402144],[77.65202560302869,20.81920059553125],[77.65147972048652,20.819825158463228],[77.650835735252613,20.818635080910411],[77.650603507294207,20.81860617229437],[77.649879772706669,20.817725718620402],[77.649293411682933,20.817871381247869],[77.648231887820984,20.816633855314009],[77.647531596869129,20.81581744118278],[77.647440543959021,20.815001039169765],[77.649530146463789,20.816454349329518],[77.649808637606682,20.816339383544385],[77.649860928485182,20.816425756711837],[77.650160102184117,20.816692968622764],[77.650536083059322,20.816546969273062],[77.650642564828004,20.815929742795724],[77.651144875146514,20.815850494413187],[77.65178953304644,20.816940346291702],[77.652326859494806,20.817907016471537]]]},"properties":{"FID":39,"Join_Count":0,"TARGET_FID":0,"Layer":"TEXT_PARCEL","Text":"116","vill_code":"533011","LGD_CODE":"533011"}},{"type":"Feature","id":40,"geometry":{"type":"Polygon","coordinates":[[[77.662784091156141,20.814825827229921],[77.664167263839474,20.815580322238031],[77.664602567239001,20.815824666388576],[77.664763391529235,20.816029132289206],[77.665017281280271,20.816504945183983],[77.664149727255776,20.816592239270815],[77.664177846014326,20.816665815813124],[77.666029230758795,20.818860344294496],[77.665960116859097,20.819012818491231],[77.664269981062191,20.819374613367668],[77.664180189426048,20.819152230486246],[77.663986737020963,20.818706428686987],[77.663169801104928,20.817882936604818],[77.662758863743264,20.816776963755995],[77.662546236918615,20.816237817943104],[77.662399398482492,20.815942045004796],[77.662213739093758,20.815600354107669],[77.662005751341795,20.815253740638504],[77.661652408067965,20.814663144152142],[77.662784091156141,20.814825827229921]]]},"properties":{"FID":40,"Join_Count":0,"TARGET_FID":0,"Layer":"TEXT_PARCEL","Text":"34","vill_code":"533011","LGD_CODE":"533011"}},{"type":"Feature","id":41,"geometry":{"type":"Polygon","coordinates":[[[77.666612607773217,20.816796337424169],[77.667327722051738,20.817966756448602],[77.667548424137593,20.81922654743552],[77.666471267195249,20.819348440226197],[77.666029230758795,20.818860344294496],[77.664177846014326,20.816665815813124],[77.664149727255776,20.816592239270815],[77.665017281280271,20.816504945183983],[77.666612607773217,20.816796337424169]]]},"properties":{"FID":41,"Join_Count":0,"TARGET_FID":0,"Layer":"TEXT_PARCEL","Text":"31","vill_code":"533011","LGD_CODE":"533011"}},{"type":"Feature","id":42,"geometry":{"type":"Polygon","coordinates":[[[77.648231887820984,20.816633855314009],[77.649293411682933,20.817871381247869],[77.649267473545152,20.818804977492412],[77.649258395804651,20.819131711708753],[77.648206103266233,20.819400297886592],[77.647972155110324,20.818591859999657],[77.647961176010085,20.818553919950315],[77.647669292271559,20.816694591984767],[77.647531596869129,20.81581744118278],[77.648231887820984,20.816633855314009]]]},"properties":{"FID":42,"Join_Count":0,"TARGET_FID":0,"Layer":"TEXT_PARCEL","Text":"118","vill_code":"533011","LGD_CODE":"533011"}},{"type":"Feature","id":43,"geometry":{"type":"Polygon","coordinates":[[[77.674044943763718,20.818467816504889],[77.673465359770475,20.819199643550217],[77.672877111531051,20.819215326003572],[77.671659740837256,20.819043129238853],[77.671237434909798,20.818414716336562],[77.67019499671386,20.816909749954814],[77.67018122053868,20.816361991501605],[77.670674265962717,20.816467996440167],[77.671565538388009,20.817209328432668],[77.672464629547136,20.817495659808252],[77.673402171851805,20.817420256189223],[77.674416283451379,20.81734772356916],[77.674044943763718,20.818467816504889]]]},"properties":{"FID":43,"Join_Count":0,"TARGET_FID":0,"Layer":"TEXT_PARCEL","Text":"39","vill_code":"533011","LGD_CODE":"533011"}},{"type":"Feature","id":44,"geometry":{"type":"Polygon","coordinates":[[[77.657107261252662,20.818868777320702],[77.656938357290869,20.818731360758392],[77.65655111970969,20.818685445304663],[77.656298136139526,20.81814880694078],[77.655783255521641,20.816984372012765],[77.656390260605448,20.816754098207262],[77.65856127121566,20.817280000971969],[77.658579743085312,20.817810837652967],[77.658595204022262,20.818685154033982],[77.658613079448614,20.818759923760414],[77.65725725891555,20.818735489276332],[77.657107261252662,20.818868777320702]]]},"properties":{"FID":44,"Join_Count":0,"TARGET_FID":0,"Layer":"TEXT_PARCEL","Text":"127","vill_code":"533011","LGD_CODE":"533011"}},{"type":"Feature","id":45,"geometry":{"type":"Polygon","coordinates":[[[77.667441408714282,20.814978465611659],[77.668849511990302,20.81497827508414],[77.669892877476471,20.815419641058906],[77.670048938699281,20.815972662593065],[77.67018122053868,20.816361991501605],[77.67019499671386,20.816909749954814],[77.671237434909798,20.818414716336562],[77.670102567000342,20.818790380095756],[77.668347793967797,20.816297405187949],[77.667538579502121,20.815340999396028],[77.667325731941389,20.815102529198832],[77.667406271538667,20.814945474986313],[77.667441408714282,20.814978465611659]]]},"properties":{"FID":45,"Join_Count":0,"TARGET_FID":0,"Layer":"TEXT_PARCEL","Text":"36","vill_code":"533011","LGD_CODE":"533011"}},{"type":"Feature","id":46,"geometry":{"type":"Polygon","coordinates":[[[77.655783255521641,20.816984372012765],[77.656298136139526,20.81814880694078],[77.656163135284999,20.818153621874401],[77.65417681781193,20.817444070995787],[77.653852715811979,20.817252475211586],[77.653242143239609,20.816803162090746],[77.653306601937871,20.816680563998226],[77.653534308705545,20.816307480386222],[77.653986725889553,20.815680135125447],[77.654357778468963,20.815170428872943],[77.65525492781704,20.815094811636246],[77.657389990009563,20.815781430215313],[77.657629575989972,20.815834494200981],[77.658456636860365,20.816070120285158],[77.658575462217328,20.816084552323417],[77.65856127121566,20.817280000971969],[77.656390260605448,20.816754098207262],[77.655783255521641,20.816984372012765]]]},"properties":{"FID":46,"Join_Count":0,"TARGET_FID":0,"Layer":"TEXT_PARCEL","Text":"129","vill_code":"533011","LGD_CODE":"533011"}},{"type":"Feature","id":47,"geometry":{"type":"Polygon","coordinates":[[[77.65295985294479,20.816652960539908],[77.653121282301427,20.816745385006822],[77.652764010527591,20.817470647488058],[77.652573233713866,20.817989884543895],[77.652326859494806,20.817907016471537],[77.65178953304644,20.816940346291702],[77.651144875146514,20.815850494413187],[77.650642564828004,20.815929742795724],[77.650408761790956,20.814906495769215],[77.649632739143755,20.812320327384917],[77.650259736035864,20.812341627850337],[77.650699717528809,20.813025154682347],[77.650892413298322,20.813334154911061],[77.651188508398974,20.813704987269144],[77.651842877000178,20.814348278387424],[77.652083708838333,20.815791514958224],[77.65295985294479,20.816652960539908]]]},"properties":{"FID":47,"Join_Count":0,"TARGET_FID":0,"Layer":"TEXT_PARCEL","Text":"113","vill_code":"533011","LGD_CODE":"533011"}},{"type":"Feature","id":48,"geometry":{"type":"Polygon","coordinates":[[[77.673305900948336,20.815428812801233],[77.673432547813491,20.816564782617242],[77.673402171851805,20.817420256189223],[77.672464629547136,20.817495659808252],[77.671565538388009,20.817209328432668],[77.670674265962717,20.816467996440167],[77.67018122053868,20.816361991501605],[77.670048938699281,20.815972662593065],[77.669892877476471,20.815419641058906],[77.67044817052917,20.815217813236394],[77.670808483300689,20.814625376330714],[77.670991929118102,20.814437241961922],[77.673305900948336,20.815428812801233]]]},"properties":{"FID":48,"Join_Count":0,"TARGET_FID":0,"Layer":"TEXT_PARCEL","Text":"41","vill_code":"533011","LGD_CODE":"533011"}},{"type":"Feature","id":49,"geometry":{"type":"Polygon","coordinates":[[[77.674038262819749,20.81564922772743],[77.674256157268871,20.815702976431862],[77.675234288362134,20.816452730514229],[77.675526072961574,20.817020057871904],[77.67529395009123,20.81723554245589],[77.674416283451379,20.81734772356916],[77.673402171851805,20.817420256189223],[77.673432547813491,20.816564782617242],[77.673305900948336,20.815428812801233],[77.674038262819749,20.81564922772743]]]},"properties":{"FID":49,"Join_Count":0,"TARGET_FID":0,"Layer":"TEXT_PARCEL","Text":"40","vill_code":"533011","LGD_CODE":"533011"}},{"type":"Feature","id":50,"geometry":{"type":"Polygon","coordinates":[[[77.668347793967797,20.816297405187949],[77.667529210754807,20.816977287186919],[77.666612607773217,20.816796337424169],[77.665017281280271,20.816504945183983],[77.664763391529235,20.816029132289206],[77.664602567239001,20.815824666388576],[77.664721314133359,20.815710719452653],[77.664812861671649,20.815582873374396],[77.665126055904992,20.815648398579107],[77.66557204576192,20.815634793393166],[77.667206495611509,20.815124140551166],[77.667307538101909,20.815081815073039],[77.667325731941389,20.815102529198832],[77.667538579502121,20.815340999396028],[77.668347793967797,20.816297405187949]]]},"properties":{"FID":50,"Join_Count":0,"TARGET_FID":0,"Layer":"TEXT_PARCEL","Text":"35","vill_code":"533011","LGD_CODE":"533011"}},{"type":"Feature","id":51,"geometry":{"type":"Polygon","coordinates":[[[77.67441668818465,20.812569129243172],[77.675020156132433,20.813993448900728],[77.675566321721433,20.815310367030669],[77.676137172116796,20.816645799991193],[77.675987093800217,20.816662305579889],[77.675234288362134,20.816452730514229],[77.674256157268871,20.815702976431862],[77.673783771227122,20.814953276972894],[77.67350298132736,20.814748479420022],[77.672861145856373,20.814322517742021],[77.671421508356048,20.813610120152912],[77.674410564979809,20.812554836298897],[77.67441668818465,20.812569129243172]]]},"properties":{"FID":51,"Join_Count":0,"TARGET_FID":0,"Layer":"TEXT_PARCEL","Text":"43","vill_code":"533011","LGD_CODE":"533011"}},{"type":"Feature","id":52,"geometry":{"type":"Polygon","coordinates":[[[77.653522159885611,20.816059816466744],[77.65332358177983,20.816355011093055],[77.653121282301427,20.816745385006822],[77.65295985294479,20.816652960539908],[77.652083708838333,20.815791514958224],[77.651842877000178,20.814348278387424],[77.653522159885611,20.816059816466744]]]},"properties":{"FID":52,"Join_Count":0,"TARGET_FID":0,"Layer":"TEXT_PARCEL","Text":"130","vill_code":"533011","LGD_CODE":"533011"}},{"type":"Feature","id":53,"geometry":{"type":"Polygon","coordinates":[[[77.650408761790956,20.814906495769215],[77.650642564828004,20.815929742795724],[77.650536083059322,20.816546969273062],[77.650160102184117,20.816692968622764],[77.649860928485182,20.816425756711837],[77.649808637606682,20.816339383544385],[77.649710136602337,20.816176732920663],[77.649201398937507,20.815140051871666],[77.649014331113847,20.814985290265803],[77.647897809162274,20.813796548698576],[77.647831906324896,20.813202692465417],[77.647824442411689,20.813135434209194],[77.64779205038262,20.812587229517867],[77.649632739143755,20.812320327384917],[77.650408761790956,20.814906495769215]]]},"properties":{"FID":53,"Join_Count":0,"TARGET_FID":0,"Layer":"TEXT_PARCEL","Text":"114","vill_code":"533011","LGD_CODE":"533011"}},{"type":"Feature","id":54,"geometry":{"type":"Polygon","coordinates":[[[77.647824442411689,20.813135434209194],[77.647831906324896,20.813202692465417],[77.647897809162274,20.813796548698576],[77.649014331113847,20.814985290265803],[77.649201398937507,20.815140051871666],[77.649710136602337,20.816176732920663],[77.649808637606682,20.816339383544385],[77.649530146463789,20.816454349329518],[77.647440543959021,20.815001039169765],[77.647432215768461,20.814911427110378],[77.647303892092665,20.813530663239206],[77.647288139744958,20.813215442243795],[77.647260827765876,20.812668907210654],[77.64779205038262,20.812587229517867],[77.647824442411689,20.813135434209194]]]},"properties":{"FID":54,"Join_Count":0,"TARGET_FID":0,"Layer":"TEXT_PARCEL","Text":"115","vill_code":"533011","LGD_CODE":"533011"}},{"type":"Feature","id":55,"geometry":{"type":"Polygon","coordinates":[[[77.658620877827744,20.81532357576156],[77.658585647021553,20.815844063499501],[77.658575462217328,20.816084552323417],[77.658456636860365,20.816070120285158],[77.657629575989972,20.815834494200981],[77.657389990009563,20.815781430215313],[77.65525492781704,20.815094811636246],[77.654357778468963,20.815170428872943],[77.65542759301897,20.813769397555372],[77.656726583055331,20.812280164939413],[77.657148611482441,20.812983500250127],[77.657626868179108,20.813375102151767],[77.657822615616311,20.813459980902394],[77.658757484877768,20.813795130777649],[77.658739829857581,20.814219223373286],[77.658685516121963,20.814778685902343],[77.658620877827744,20.81532357576156]]]},"properties":{"FID":55,"Join_Count":0,"TARGET_FID":0,"Layer":"TEXT_PARCEL","Text":"132","vill_code":"533011","LGD_CODE":"533011"}},{"type":"Feature","id":56,"geometry":{"type":"Polygon","coordinates":[[[77.65882709533139,20.816021548197799],[77.658575462217328,20.816084552323417],[77.658585647021553,20.815844063499501],[77.658620877827744,20.81532357576156],[77.658685516121963,20.814778685902343],[77.658739829857581,20.814219223373286],[77.658757484877768,20.813795130777649],[77.659255614848561,20.810755356570752],[77.65952601352015,20.811165757365632],[77.659840853588022,20.811544901307787],[77.659873605156662,20.811697276129333],[77.65991776359752,20.812525803321254],[77.659814930737738,20.813941421220331],[77.660699258647426,20.815091062269303],[77.660792676258183,20.815886610104517],[77.660789200976453,20.816027395447911],[77.658943132398207,20.815964490609286],[77.65882709533139,20.816021548197799]]]},"properties":{"FID":56,"Join_Count":0,"TARGET_FID":0,"Layer":"TEXT_PARCEL","Text":"5","vill_code":"533011","LGD_CODE":"533011"}},{"type":"Feature","id":57,"geometry":{"type":"Polygon","coordinates":[[[77.655324715694348,20.813692361654976],[77.653912653823681,20.815578701322345],[77.653574795997542,20.815981775566915],[77.653522159885611,20.816059816466744],[77.651842877000178,20.814348278387424],[77.651188508398974,20.813704987269144],[77.650892413298322,20.813334154911061],[77.650699717528809,20.813025154682347],[77.652363497332857,20.813047085832192],[77.652607268819793,20.81297963598454],[77.654712267200594,20.812195223460744],[77.655324715694348,20.813692361654976]]]},"properties":{"FID":57,"Join_Count":0,"TARGET_FID":0,"Layer":"TEXT_PARCEL","Text":"131","vill_code":"533011","LGD_CODE":"533011"}},{"type":"Feature","id":58,"geometry":{"type":"Polygon","coordinates":[[[77.664721314133359,20.815710719452653],[77.664602567239001,20.815824666388576],[77.664167263839474,20.815580322238031],[77.662784091156141,20.814825827229921],[77.664055356794947,20.814256753533268],[77.664382452768294,20.814216335711645],[77.665221612375632,20.814232826967533],[77.666491843545003,20.814491430079801],[77.666758384055328,20.814512212910692],[77.667332137491243,20.815060258505095],[77.667307538101909,20.815081815073039],[77.667206495611509,20.815124140551166],[77.66557204576192,20.815634793393166],[77.665126055904992,20.815648398579107],[77.664812861671649,20.815582873374396],[77.664721314133359,20.815710719452653]]]},"properties":{"FID":58,"Join_Count":0,"TARGET_FID":0,"Layer":"TEXT_PARCEL","Text":"49","vill_code":"533011","LGD_CODE":"533011"}},{"type":"Feature","id":59,"geometry":{"type":"Polygon","coordinates":[[[77.67350298132736,20.814748479420022],[77.673783771227122,20.814953276972894],[77.674256157268871,20.815702976431862],[77.674038262819749,20.81564922772743],[77.673305900948336,20.815428812801233],[77.670991929118102,20.814437241961922],[77.670808483300689,20.814625376330714],[77.67044817052917,20.815217813236394],[77.669892877476471,20.815419641058906],[77.668849511990302,20.81497827508414],[77.667441408714282,20.814978465611659],[77.667406271538667,20.814945474986313],[77.66615523272165,20.813762784460454],[77.666098789908645,20.813690518881259],[77.66644584722323,20.813663480569584],[77.667922815849678,20.813580078761348],[77.668302847771031,20.813632775125008],[77.668672488911284,20.813658512138492],[77.669121809504432,20.813818296986295],[77.669465266332111,20.813907265522456],[77.669708125903384,20.813782931656398],[77.668910896117538,20.812473417200653],[77.669049380493604,20.812218574968366],[77.669239524260817,20.812269132592554],[77.669640105775571,20.812445563620518],[77.671421508356048,20.813610120152912],[77.672861145856373,20.814322517742021],[77.67350298132736,20.814748479420022]]]},"properties":{"FID":59,"Join_Count":0,"TARGET_FID":0,"Layer":"TEXT_PARCEL","Text":"42","vill_code":"533011","LGD_CODE":"533011"}},{"type":"Feature","id":60,"geometry":{"type":"Polygon","coordinates":[[[77.663151008075133,20.809901795450219],[77.663313146751989,20.810014477178825],[77.663486478373557,20.810191837096109],[77.664356828828474,20.811319033720284],[77.664560163925444,20.811584033363207],[77.665230962902186,20.81247547951449],[77.665655756556035,20.813125288232417],[77.666098789908645,20.813690518881252],[77.66615523272165,20.813762784460454],[77.667406271538667,20.814945474986313],[77.667325731941389,20.815102529198832],[77.667307538101909,20.815081815073039],[77.667332137491243,20.815060258505095],[77.666758384055328,20.814512212910692],[77.665982136081368,20.813744206636262],[77.665580446527159,20.813245709436032],[77.665246480317592,20.812786746526392],[77.66499259974664,20.812425232179073],[77.664552013301275,20.81175187630144],[77.663344492855231,20.810242309974829],[77.663247638555134,20.810164675833615],[77.662138538941861,20.80936616023822],[77.662293113129635,20.809302656103512],[77.663151008075133,20.809901795450219]]]},"properties":{"FID":60,"Join_Count":0,"TARGET_FID":0,"Layer":" ","Text":" ","vill_code":"533011","LGD_CODE":"533011"}},{"type":"Feature","id":61,"geometry":{"type":"Polygon","coordinates":[[[77.660998775739344,20.810974329581736],[77.661084571855511,20.811240659505042],[77.661168748862522,20.811428735461586],[77.661358025487985,20.812797413301592],[77.661652408067965,20.814663144152142],[77.660699258647426,20.815091062269303],[77.659814930737738,20.813941421220331],[77.65991776359752,20.812525803321254],[77.659873605156662,20.811697276129333],[77.659840853588022,20.811544901307787],[77.65952601352015,20.811165757365632],[77.659255614848561,20.810755356570752],[77.660942398469629,20.810685849378832],[77.660998775739344,20.810974329581736]]]},"properties":{"FID":61,"Join_Count":0,"TARGET_FID":0,"Layer":"TEXT_PARCEL","Text":"4","vill_code":"533011","LGD_CODE":"533011"}},{"type":"Feature","id":62,"geometry":{"type":"Polygon","coordinates":[[[77.663339778780795,20.812650519323554],[77.663722361548579,20.812730234697632],[77.664047029340225,20.812800754557333],[77.664055356794947,20.814256753533268],[77.662784091156141,20.814825827229921],[77.661652408067965,20.814663144152142],[77.661358025487985,20.812797413301592],[77.662235593181464,20.812783263166544],[77.66284609837426,20.812649227249072],[77.663339778780795,20.812650519323554]]]},"properties":{"FID":62,"Join_Count":0,"TARGET_FID":0,"Layer":"TEXT_PARCEL","Text":"50","vill_code":"533011","LGD_CODE":"533011"}},{"type":"Feature","id":63,"geometry":{"type":"Polygon","coordinates":[[[77.666758384055328,20.814512212910692],[77.666491843545003,20.814491430079801],[77.665221612375632,20.814232826967533],[77.664382452768294,20.814216335711645],[77.664055356794947,20.814256753533268],[77.664047029340225,20.812800754557333],[77.664275443887405,20.812793636482496],[77.664693783250257,20.812795978818556],[77.665246480317592,20.812786746526392],[77.665580446527159,20.813245709436032],[77.665982136081368,20.813744206636258],[77.666758384055328,20.814512212910692]]]},"properties":{"FID":63,"Join_Count":0,"TARGET_FID":0,"Layer":"TEXT_PARCEL","Text":"48","vill_code":"533011","LGD_CODE":"533011"}},{"type":"Feature","id":64,"geometry":{"type":"Polygon","coordinates":[[[77.668542447784759,20.811879552353702],[77.668983259871055,20.812140179830585],[77.669049380493604,20.812218574968366],[77.668910896117538,20.812473417200653],[77.669708125903384,20.813782931656398],[77.669465266332111,20.813907265522456],[77.669121809504432,20.813818296986295],[77.668672488911284,20.813658512138492],[77.668302847771031,20.813632775125008],[77.668014516772629,20.812689856713497],[77.667422188732218,20.81216164026738],[77.667022436183402,20.81157417037474],[77.667303393957226,20.811133717663321],[77.668542447784759,20.811879552353702]]]},"properties":{"FID":64,"Join_Count":0,"TARGET_FID":0,"Layer":"TEXT_PARCEL","Text":"46","vill_code":"533011","LGD_CODE":"533011"}},{"type":"Feature","id":65,"geometry":{"type":"Polygon","coordinates":[[[77.65899250830897,20.809556069556955],[77.659234280093273,20.809568014639101],[77.659241282834202,20.80998125078613],[77.659233216926424,20.810394584542966],[77.659255614848561,20.810755356570752],[77.658757484877768,20.813795130777649],[77.657822615616311,20.813459980902394],[77.657626868179108,20.813375102151767],[77.657148611482441,20.812983500250127],[77.656726583055331,20.812280164939413],[77.657141225629147,20.811809583288834],[77.657491662180263,20.81139459567915],[77.658480035341739,20.810218728678098],[77.658247426084657,20.807599781864781],[77.658555905915478,20.807574696825561],[77.658723950851595,20.807551085031808],[77.65899250830897,20.809556069556955]]]},"properties":{"FID":65,"Join_Count":0,"TARGET_FID":0,"Layer":"TEXT_PARCEL","Text":"133","vill_code":"533011","LGD_CODE":"533011"}},{"type":"Feature","id":66,"geometry":{"type":"Polygon","coordinates":[[[77.66644584722323,20.813663480569584],[77.666098789908645,20.813690518881259],[77.665655756556035,20.813125288232417],[77.665230962902186,20.812475479514497],[77.664560163925444,20.811584033363207],[77.667022436183402,20.81157417037474],[77.667422188732218,20.81216164026738],[77.668014516772629,20.812689856713497],[77.668302847771031,20.813632775125008],[77.667922815849678,20.813580078761348],[77.66644584722323,20.813663480569584]]]},"properties":{"FID":66,"Join_Count":0,"TARGET_FID":0,"Layer":"TEXT_PARCEL","Text":"47","vill_code":"533011","LGD_CODE":"533011"}},{"type":"Feature","id":67,"geometry":{"type":"Polygon","coordinates":[[[77.657381100812856,20.811346326220193],[77.656610876393785,20.812170555630946],[77.655721416058142,20.813247237036656],[77.655324715694348,20.813692361654976],[77.654712267200594,20.812195223460744],[77.656002539303884,20.81168576267596],[77.656291835192647,20.811564523465787],[77.656605328007672,20.811345155933981],[77.656882868372406,20.811166560461157],[77.656986669957163,20.811075799834772],[77.657381100812856,20.811346326220193]]]},"properties":{"FID":67,"Join_Count":0,"TARGET_FID":0,"Layer":"TEXT_PARCEL","Text":"134","vill_code":"533011","LGD_CODE":"533011"}},{"type":"Feature","id":68,"geometry":{"type":"Polygon","coordinates":[[[77.669390438468781,20.810390362567635],[77.671168784211304,20.810762163874635],[77.671257252967351,20.811299863701006],[77.671421508356048,20.813610120152912],[77.669640105775571,20.812445563620518],[77.669239524260817,20.812269132592554],[77.669049380493604,20.812218574968366],[77.668983259871055,20.812140179830585],[77.668542447784759,20.811879552353702],[77.667303393957226,20.811133717663321],[77.667433090277612,20.81092623020167],[77.667543768233557,20.810656367852118],[77.667745637142531,20.809966434639971],[77.669390438468781,20.810390362567635]]]},"properties":{"FID":68,"Join_Count":0,"TARGET_FID":0,"Layer":"TEXT_PARCEL","Text":"45","vill_code":"533011","LGD_CODE":"533011"}},{"type":"Feature","id":69,"geometry":{"type":"Polygon","coordinates":[[[77.672419191224705,20.809613809249516],[77.672526220787688,20.810885826781199],[77.673769000285461,20.811914308169033],[77.67430407375177,20.812306267059828],[77.674410564979809,20.812554836298897],[77.671421508356048,20.813610120152912],[77.671257252967351,20.811299863701006],[77.671168784211304,20.810762163874635],[77.671315100548142,20.810282046770222],[77.671480472399409,20.809645838518115],[77.671597945606919,20.80918280132272],[77.672431337890586,20.809057290861961],[77.672419191224705,20.809613809249516]]]},"properties":{"FID":69,"Join_Count":0,"TARGET_FID":0,"Layer":"TEXT_PARCEL","Text":"44","vill_code":"533011","LGD_CODE":"533011"}},{"type":"Feature","id":70,"geometry":{"type":"Polygon","coordinates":[[[77.655446619126778,20.811310424005104],[77.65565190649437,20.811376099588859],[77.655765919165944,20.811507679566198],[77.656002539303884,20.81168576267596],[77.654712267200594,20.812195223460744],[77.652607268819793,20.81297963598454],[77.652363497332857,20.813047085832192],[77.650699717528809,20.813025154682347],[77.650259736035864,20.812341627850337],[77.650986891281633,20.811574570124865],[77.651963581982201,20.811382466442154],[77.652617563134214,20.81114739602798],[77.653299876933403,20.811028129381956],[77.653469461594185,20.811182437146403],[77.653965351402121,20.810801425886076],[77.654258987592556,20.81093297256059],[77.654911804408286,20.81116579901704],[77.655446619126778,20.811310424005104]]]},"properties":{"FID":70,"Join_Count":0,"TARGET_FID":0,"Layer":"TEXT_PARCEL","Text":"112","vill_code":"533011","LGD_CODE":"533011"}},{"type":"Feature","id":71,"geometry":{"type":"Polygon","coordinates":[[[77.664047029340225,20.812800754557333],[77.663722361548579,20.812730234697632],[77.663339778780795,20.812650519323554],[77.66284609837426,20.812649227249072],[77.662235593181464,20.812783263166544],[77.661358025487985,20.812797413301592],[77.661168748862522,20.811428735461586],[77.661084571855511,20.811240659505042],[77.660998775739344,20.810974329581736],[77.660942398469629,20.810685849378832],[77.660708010398466,20.810018464006955],[77.662138538941861,20.809366160238216],[77.663247638555134,20.810164675833615],[77.663344492855231,20.810242309974829],[77.664552013301275,20.81175187630144],[77.66499259974664,20.812425232179073],[77.665246480317592,20.812786746526392],[77.664693783250257,20.812795978818556],[77.664275443887405,20.812793636482496],[77.664047029340225,20.812800754557333]]]},"properties":{"FID":71,"Join_Count":0,"TARGET_FID":0,"Layer":"TEXT_PARCEL","Text":"51","vill_code":"533011","LGD_CODE":"533011"}},{"type":"Feature","id":72,"geometry":{"type":"Polygon","coordinates":[[[77.649375674287043,20.810649151692388],[77.649520363067239,20.811589776169811],[77.649632739143755,20.812320327384917],[77.64779205038262,20.812587229517867],[77.647260827765876,20.812668907210654],[77.647196229951405,20.81186208781353],[77.647183464066671,20.811702643069683],[77.646933361975698,20.810437943205915],[77.649522931166402,20.810221972529284],[77.649375674287043,20.810649151692388]]]},"properties":{"FID":72,"Join_Count":0,"TARGET_FID":0,"Layer":"TEXT_PARCEL","Text":"107","vill_code":"533011","LGD_CODE":"533011"}},{"type":"Feature","id":73,"geometry":{"type":"Polygon","coordinates":[[[77.652564745663071,20.810269936664529],[77.651704915023743,20.810676376576563],[77.651963581982201,20.811382466442154],[77.650986891281633,20.811574570124865],[77.650259736035864,20.812341627850337],[77.649632739143755,20.812320327384917],[77.649520363067239,20.811589776169811],[77.649375674287043,20.810649151692388],[77.649522931166402,20.810221972529284],[77.649348018215591,20.809854298155347],[77.650285401615122,20.80952394440747],[77.651300991679761,20.809280355260903],[77.652304062462861,20.808833578885231],[77.652564745663071,20.810269936664529]]]},"properties":{"FID":73,"Join_Count":0,"TARGET_FID":0,"Layer":"TEXT_PARCEL","Text":"108","vill_code":"533011","LGD_CODE":"533011"}},{"type":"Feature","id":74,"geometry":{"type":"Polygon","coordinates":[[[77.656278180711439,20.810229049325521],[77.656619797528521,20.810314674600136],[77.65720152158039,20.810439284253309],[77.657143427530443,20.810624905089689],[77.65701426604268,20.811050846798771],[77.656986669957163,20.811075799834772],[77.656882868372406,20.811166560461157],[77.656605328007672,20.811345155933981],[77.656291835192647,20.811564523465787],[77.656002539303884,20.81168576267596],[77.655765919165944,20.811507679566198],[77.65565190649437,20.811376099588859],[77.655446619126778,20.811310424005104],[77.654911804408286,20.81116579901704],[77.654258987592556,20.81093297256059],[77.653965351402121,20.810801425886076],[77.654416529188993,20.810285569287508],[77.654623669983053,20.810130517027478],[77.654710367925475,20.810111375914797],[77.655037467522064,20.8101875259247],[77.655059780977894,20.81018963387961],[77.655506898993437,20.809934494594014],[77.655556947604055,20.809938112272608],[77.656010851864309,20.810056795583659],[77.656030560127178,20.81013662169207],[77.656278180711439,20.810229049325521]]]},"properties":{"FID":74,"Join_Count":0,"TARGET_FID":0,"Layer":"TEXT_PARCEL","Text":"135","vill_code":"533011","LGD_CODE":"533011"}},{"type":"Feature","id":75,"geometry":{"type":"Polygon","coordinates":[[[77.665767396018737,20.809973714374127],[77.665794528552311,20.809975226603282],[77.667543768233557,20.810656367852118],[77.667433090277612,20.81092623020167],[77.667303393957226,20.811133717663321],[77.667022436183402,20.81157417037474],[77.664560163925444,20.811584033363207],[77.664356828828474,20.811319033720284],[77.663486478373557,20.810191837096113],[77.663313146751989,20.810014477178825],[77.663151008075133,20.809901795450219],[77.66326715589895,20.809866693308486],[77.665767396018737,20.809973714374127]]]},"properties":{"FID":75,"Join_Count":0,"TARGET_FID":0,"Layer":"TEXT_PARCEL","Text":"52","vill_code":"533011","LGD_CODE":"533011"}},{"type":"Feature","id":76,"geometry":{"type":"Polygon","coordinates":[[[77.658480035341739,20.810218728678098],[77.657491662180263,20.81139459567915],[77.657381100812856,20.811346326220193],[77.656986669957163,20.811075799834772],[77.65701426604268,20.811050846798771],[77.657143427530443,20.810624905089689],[77.65720152158039,20.810439284253309],[77.657403161601934,20.80981242558164],[77.657563879588764,20.809083918669156],[77.657515751710292,20.807842695312516],[77.657704041660551,20.807657356534996],[77.658247426084657,20.807599781864781],[77.658480035341739,20.810218728678098]]]},"properties":{"FID":76,"Join_Count":0,"TARGET_FID":0,"Layer":"TEXT_PARCEL","Text":"138","vill_code":"533011","LGD_CODE":"533011"}},{"type":"Feature","id":77,"geometry":{"type":"Polygon","coordinates":[[[77.653925861789631,20.809708230913255],[77.654021417116638,20.809998712465415],[77.65398003144287,20.810037830508548],[77.653755564070494,20.810222272772656],[77.653321732629777,20.810482952652389],[77.652566266808975,20.810905614134143],[77.652617563134214,20.81114739602798],[77.651963581982201,20.811382466442154],[77.651704915023743,20.810676376576563],[77.652564745663071,20.810269936664529],[77.653361463948457,20.809898246504154],[77.653362753321204,20.809684277742591],[77.653827922088553,20.809537695135095],[77.653925861789631,20.809708230913255]]]},"properties":{"FID":77,"Join_Count":0,"TARGET_FID":0,"Layer":"TEXT_PARCEL","Text":"111","vill_code":"533011","LGD_CODE":"533011"}},{"type":"Feature","id":78,"geometry":{"type":"Polygon","coordinates":[[[77.653469461594185,20.811182437146403],[77.653299876933403,20.811028129381956],[77.652617563134214,20.81114739602798],[77.652566266808975,20.810905614134143],[77.653321732629777,20.810482952652389],[77.653755564070494,20.810222272772656],[77.65398003144287,20.810037830508548],[77.654021417116638,20.809998712465415],[77.654081399274148,20.809942582665872],[77.654903780637952,20.808260493017453],[77.655627845262345,20.807486115161094],[77.65566607622678,20.807305690289059],[77.655652072346939,20.807049590830232],[77.655528856459,20.806542512002398],[77.65591964472209,20.806351923567487],[77.656238361839371,20.806210786553457],[77.656499863314025,20.806078465182523],[77.656713880592619,20.806086088644712],[77.657177111806817,20.806031851072177],[77.657056837018786,20.8061987313726],[77.656728942378706,20.806657492398461],[77.656600589820513,20.806893117352395],[77.656415483387789,20.807454555305132],[77.655762888134547,20.808522951354846],[77.655695715573884,20.808587011025292],[77.655299802606521,20.808950489414354],[77.655175783228273,20.80909374405206],[77.655037467522064,20.8101875259247],[77.654710367925475,20.810111375914797],[77.654623669983053,20.810130517027478],[77.654416529188993,20.810285569287508],[77.653965351402121,20.810801425886076],[77.653469461594185,20.811182437146403]]]},"properties":{"FID":78,"Join_Count":0,"TARGET_FID":0,"Layer":"TEXT_PARCEL","Text":"110","vill_code":"533011","LGD_CODE":"533011"}},{"type":"Feature","id":79,"geometry":{"type":"Polygon","coordinates":[[[77.671480472399409,20.809645838518115],[77.671315100548142,20.810282046770222],[77.671168784211304,20.810762163874635],[77.669390438468781,20.810390362567635],[77.667745637142531,20.809966434639971],[77.667719443054253,20.80980163088342],[77.667584299206155,20.809551954389658],[77.668960966944994,20.809204000473208],[77.669926251298662,20.809139692744271],[77.669980687350105,20.808949024162654],[77.670430458065653,20.809082339986773],[77.670856960276183,20.809260288398626],[77.671597945606919,20.80918280132272],[77.671480472399409,20.809645838518115]]]},"properties":{"FID":79,"Join_Count":0,"TARGET_FID":0,"Layer":"TEXT_PARCEL","Text":"55","vill_code":"533011","LGD_CODE":"533011"}},{"type":"Feature","id":80,"geometry":{"type":"Polygon","coordinates":[[[77.661086858142113,20.807911306073834],[77.661149622026869,20.808039837852309],[77.661250542474988,20.808544805214066],[77.662293113129635,20.809302656103512],[77.662138538941861,20.809366160238216],[77.660708010398466,20.810018464006955],[77.660942398469629,20.810685849378832],[77.659255614848561,20.810755356570752],[77.659233216926424,20.810394584542966],[77.659241282834202,20.80998125078613],[77.659234280093273,20.809568014639101],[77.659491960648907,20.808939663618176],[77.65972204108607,20.808335702377438],[77.659847142629388,20.808169915475059],[77.660089546032381,20.807959448767335],[77.660374786695272,20.807642849254787],[77.660568613976963,20.807479430806929],[77.660891639273586,20.807241412732267],[77.661086858142113,20.807911306073834]]]},"properties":{"FID":80,"Join_Count":0,"TARGET_FID":0,"Layer":"TEXT_PARCEL","Text":"3","vill_code":"533011","LGD_CODE":"533011"}},{"type":"Feature","id":81,"geometry":{"type":"Polygon","coordinates":[[[77.663644909046781,20.806763492382391],[77.664569912912739,20.806834606905504],[77.666374887549225,20.807575644099316],[77.666417854738469,20.808174454230006],[77.667584299206155,20.809551954389658],[77.667719443054253,20.80980163088342],[77.667745637142531,20.809966434639971],[77.667543768233557,20.810656367852118],[77.665794528552311,20.809975226603282],[77.665767396018737,20.809973714374127],[77.663045623666548,20.807986970192456],[77.66292515361053,20.807888656388048],[77.662937844355142,20.807439819007314],[77.66289417326297,20.807047090638157],[77.662818443751306,20.806860648972624],[77.662781587662323,20.806730259900711],[77.663644909046781,20.806763492382391]]]},"properties":{"FID":81,"Join_Count":0,"TARGET_FID":0,"Layer":"TEXT_PARCEL","Text":"54","vill_code":"533011","LGD_CODE":"533011"}},{"type":"Feature","id":82,"geometry":{"type":"Polygon","coordinates":[[[77.657563879588764,20.809083918669156],[77.657403161601934,20.80981242558164],[77.65720152158039,20.810439284253309],[77.656619797528521,20.810314674600136],[77.656278180711439,20.810229049325521],[77.656030560127178,20.81013662169207],[77.656010851864309,20.810056795583659],[77.656185877759327,20.80918236642653],[77.656294294979517,20.808708699259018],[77.65619122620069,20.808709366260661],[77.655834662694204,20.808646359002896],[77.655695715573884,20.808587011025292],[77.655762888134547,20.808522951354846],[77.656415483387789,20.807454555305132],[77.657549188501733,20.80766793171134],[77.657704041660551,20.807657356534996],[77.657515751710292,20.807842695312516],[77.657563879588764,20.809083918669156]]]},"properties":{"FID":82,"Join_Count":0,"TARGET_FID":0,"Layer":"TEXT_PARCEL","Text":"137","vill_code":"533011","LGD_CODE":"533011"}},{"type":"Feature","id":83,"geometry":{"type":"Polygon","coordinates":[[[77.646573179668835,20.808094098443252],[77.647873745796261,20.808797875586038],[77.648119591358437,20.808930908642662],[77.648321602872301,20.809063053592187],[77.649071293921395,20.809150572363446],[77.649360201805777,20.809185874862401],[77.649367272732533,20.809270287450286],[77.649303216527116,20.809470020755345],[77.649348018215591,20.809854298155347],[77.649522931166402,20.810221972529284],[77.646933361975698,20.810437943205915],[77.646686931748377,20.809158715875288],[77.646483558761574,20.808102984843341],[77.646471218034435,20.808038923107627],[77.646573179668835,20.808094098443252]]]},"properties":{"FID":83,"Join_Count":0,"TARGET_FID":0,"Layer":"TEXT_PARCEL","Text":"106","vill_code":"533011","LGD_CODE":"533011"}},{"type":"Feature","id":84,"geometry":{"type":"Polygon","coordinates":[[[77.653362753321204,20.809684277742591],[77.653361463948457,20.809898246504154],[77.652564745663071,20.810269936664529],[77.652304062462861,20.808833578885231],[77.652156581967148,20.807949971745227],[77.653183119877511,20.807497408306492],[77.654459790389609,20.806928922743964],[77.654600525973237,20.806870018549365],[77.655122091613123,20.806675208216046],[77.655528856459,20.806542512002398],[77.655652072346939,20.807049590830232],[77.65566607622678,20.807305690289059],[77.655627845262345,20.807486115161094],[77.654903780637952,20.808260493017453],[77.654081399274148,20.809942582665872],[77.654021417116638,20.809998712465415],[77.653925861789631,20.809708230913255],[77.653827922088553,20.809537695135095],[77.653362753321204,20.809684277742591]]]},"properties":{"FID":84,"Join_Count":0,"TARGET_FID":0,"Layer":"TEXT_PARCEL","Text":"109","vill_code":"533011","LGD_CODE":"533011"}},{"type":"Feature","id":85,"geometry":{"type":"Polygon","coordinates":[[[77.655059780977894,20.81018963387961],[77.655037467522064,20.8101875259247],[77.655175783228273,20.80909374405206],[77.655299802606521,20.808950489414354],[77.655695715573884,20.808587011025292],[77.655834662694204,20.808646359002896],[77.65619122620069,20.808709366260661],[77.656294294979517,20.808708699259018],[77.656185877759327,20.80918236642653],[77.656010851864309,20.810056795583659],[77.655556947604055,20.809938112272608],[77.655506898993437,20.809934494594014],[77.655059780977894,20.81018963387961]]]},"properties":{"FID":85,"Join_Count":0,"TARGET_FID":0,"Layer":"TEXT_PARCEL","Text":"136","vill_code":"533011","LGD_CODE":"533011"}},{"type":"Feature","id":86,"geometry":{"type":"Polygon","coordinates":[[[77.665767396018737,20.809973714374127],[77.66326715589895,20.809866693308486],[77.663151008075133,20.809901795450219],[77.662293113129635,20.809302656103512],[77.661250542474988,20.808544805214066],[77.661149622026869,20.808039837852309],[77.662052759631621,20.808192186412693],[77.662409151560183,20.808222526097236],[77.66292515361053,20.807888656388048],[77.663045623666548,20.807986970192456],[77.665767396018737,20.809973714374127]]]},"properties":{"FID":86,"Join_Count":0,"TARGET_FID":0,"Layer":"TEXT_PARCEL","Text":"53","vill_code":"533011","LGD_CODE":"533011"}},{"type":"Feature","id":87,"geometry":{"type":"Polygon","coordinates":[[[77.652304062462861,20.808833578885231],[77.651300991679761,20.809280355260903],[77.650285401615122,20.80952394440747],[77.649348018215591,20.809854298155347],[77.649303216527116,20.809470020755345],[77.649367272732533,20.809270287450286],[77.649360201805777,20.809185874862401],[77.651093380347064,20.808423598790075],[77.652156581967148,20.807949971745227],[77.652304062462861,20.808833578885231]]]},"properties":{"FID":87,"Join_Count":0,"TARGET_FID":0,"Layer":"TEXT_PARCEL","Text":"105","vill_code":"533011","LGD_CODE":"533011"}},{"type":"Feature","id":88,"geometry":{"type":"Polygon","coordinates":[[[77.6689096773937,20.80851572006911],[77.669573871269051,20.808845268211563],[77.669980687350105,20.808949024162654],[77.669926251298662,20.809139692744271],[77.668960966944994,20.809204000473208],[77.667584299206155,20.809551954389658],[77.666417854738469,20.808174454230006],[77.666374887549225,20.807575644099316],[77.666809289729528,20.807653889388401],[77.666761164693256,20.807445310027106],[77.666170255365103,20.805932857121309],[77.666444630636178,20.805842667332907],[77.667226168407254,20.806025627105154],[77.667931821077985,20.806446125855558],[77.668367132954032,20.806582356462091],[77.66849047843607,20.806767358730117],[77.668633528301029,20.806917322668117],[77.6689096773937,20.80851572006911]]]},"properties":{"FID":88,"Join_Count":0,"TARGET_FID":0,"Layer":"TEXT_PARCEL","Text":"58","vill_code":"533011","LGD_CODE":"533011"}},{"type":"Feature","id":89,"geometry":{"type":"Polygon","coordinates":[[[77.660285943343339,20.807597818644119],[77.660374786695272,20.807642849254787],[77.660089546032381,20.807959448767335],[77.659847142629388,20.808169915475059],[77.65972204108607,20.808335702377438],[77.659491960648907,20.808939663618176],[77.659234280093273,20.809568014639101],[77.65899250830897,20.809556069556955],[77.658723950851595,20.807551085031808],[77.658917934227873,20.807531246255106],[77.659642358873185,20.807514159487543],[77.659700090838641,20.807489010426568],[77.660285943343339,20.807597818644119]]]},"properties":{"FID":89,"Join_Count":0,"TARGET_FID":0,"Layer":"TEXT_PARCEL","Text":"2","vill_code":"533011","LGD_CODE":"533011"}},{"type":"Feature","id":90,"geometry":{"type":"Polygon","coordinates":[[[77.670856302174485,20.805418934166966],[77.672281839002508,20.805900116782158],[77.672392980152921,20.806839838050234],[77.672452925974838,20.808068162226057],[77.672433385277117,20.808963472011762],[77.672431337890586,20.809057290861961],[77.671597945606919,20.80918280132272],[77.670856960276183,20.809260288398626],[77.670430458065653,20.809082339986773],[77.670526122115632,20.807470250826512],[77.670491288146138,20.806704160443633],[77.670294544174553,20.806093969672965],[77.669854089895097,20.805333347863801],[77.669899318628197,20.805337556400044],[77.670193971037421,20.805079129804341],[77.670240137209987,20.805182119017427],[77.670856302174485,20.805418934166966]]]},"properties":{"FID":90,"Join_Count":0,"TARGET_FID":0,"Layer":"TEXT_PARCEL","Text":"56","vill_code":"533011","LGD_CODE":"533011"}},{"type":"Feature","id":91,"geometry":{"type":"Polygon","coordinates":[[[77.645808695018658,20.803962713536478],[77.646877392296545,20.805011019556925],[77.646978422600256,20.805164372001546],[77.649068252002536,20.808336415600191],[77.64934737417461,20.809037874210226],[77.649360201805777,20.809185874862401],[77.649071293921395,20.809150572363446],[77.648321602872301,20.809063053592187],[77.648119591358437,20.808930908642662],[77.647873745796261,20.808797875586038],[77.646573179668835,20.808094098443252],[77.646471218034435,20.808038923107627],[77.645942504214503,20.806397633990908],[77.645596009780363,20.805357562207082],[77.645091409006852,20.803842879884943],[77.645071817842563,20.803784447733918],[77.645115541766955,20.803782919727745],[77.645229708072051,20.803778930419778],[77.645808695018658,20.803962713536478]]]},"properties":{"FID":91,"Join_Count":0,"TARGET_FID":0,"Layer":"TEXT_PARCEL","Text":"102","vill_code":"533011","LGD_CODE":"533011"}},{"type":"Feature","id":92,"geometry":{"type":"Polygon","coordinates":[[[77.650705182754692,20.80576735461641],[77.651125227525981,20.807021387368749],[77.651207978276844,20.807746068679197],[77.651093380347064,20.808423598790075],[77.649360201805777,20.809185874862401],[77.64934737417461,20.809037874210226],[77.649068252002536,20.808336415600191],[77.649825629364514,20.807587746027448],[77.649671746813681,20.807091559249326],[77.647784485450202,20.805349781484328],[77.650522760908899,20.80488509529766],[77.650705182754692,20.80576735461641]]]},"properties":{"FID":92,"Join_Count":0,"TARGET_FID":0,"Layer":"TEXT_PARCEL","Text":"104","vill_code":"533011","LGD_CODE":"533011"}},{"type":"Feature","id":93,"geometry":{"type":"Polygon","coordinates":[[[77.669854089895097,20.805333347863801],[77.670294544174553,20.806093969672965],[77.670491288146138,20.806704160443633],[77.670526122115632,20.807470250826512],[77.670430458065653,20.809082339986773],[77.669980687350105,20.808949024162654],[77.669573871269051,20.808845268211563],[77.6689096773937,20.80851572006911],[77.668633528301029,20.806917322668117],[77.66849047843607,20.806767358730117],[77.668367132954032,20.806582356462091],[77.669470894150606,20.805249143875088],[77.669854089895097,20.805333347863801]]]},"properties":{"FID":93,"Join_Count":0,"TARGET_FID":0,"Layer":"TEXT_PARCEL","Text":"57","vill_code":"533011","LGD_CODE":"533011"}},{"type":"Feature","id":94,"geometry":{"type":"Polygon","coordinates":[[[77.652131646668593,20.805489581472347],[77.652200726354451,20.805559517851645],[77.652390526069979,20.806467628095103],[77.653183119877511,20.807497408306492],[77.652156581967148,20.807949971745227],[77.651093380347064,20.808423598790075],[77.651207978276844,20.807746068679197],[77.651125227525981,20.807021387368749],[77.650705182754692,20.80576735461641],[77.650522760908899,20.80488509529766],[77.650328422038996,20.80414423908131],[77.651171148941415,20.80404590508607],[77.652131646668593,20.805489581472347]]]},"properties":{"FID":94,"Join_Count":0,"TARGET_FID":0,"Layer":"TEXT_PARCEL","Text":"99","vill_code":"533011","LGD_CODE":"533011"}},{"type":"Feature","id":95,"geometry":{"type":"Polygon","coordinates":[[[77.647784485450202,20.805349781484328],[77.649671746813681,20.807091559249326],[77.649825629364514,20.807587746027448],[77.649068252002536,20.808336415600191],[77.646978422600256,20.805164372001546],[77.646877392296545,20.805011019556925],[77.647031681143503,20.804197538661999],[77.647292841928561,20.80411478078226],[77.647784485450202,20.805349781484328]]]},"properties":{"FID":95,"Join_Count":0,"TARGET_FID":0,"Layer":"TEXT_PARCEL","Text":"103","vill_code":"533011","LGD_CODE":"533011"}},{"type":"Feature","id":96,"geometry":{"type":"Polygon","coordinates":[[[77.662643643562689,20.806177673678402],[77.662734897001229,20.806563899235702],[77.662781587662323,20.806730259900711],[77.662818443751306,20.806860648972624],[77.66289417326297,20.807047090638157],[77.662937844355142,20.807439819007314],[77.66292515361053,20.807888656388048],[77.662409151560183,20.808222526097236],[77.662052759631621,20.808192186412693],[77.661149622026869,20.808039837852309],[77.661086858142113,20.807911306073834],[77.660891639273586,20.807241412732267],[77.661669163789213,20.807121497333604],[77.661574713100407,20.806814119989124],[77.661910597946758,20.806728604491557],[77.661785794635222,20.806152846959971],[77.662567470739901,20.805793602090137],[77.662643643562689,20.806177673678402]]]},"properties":{"FID":96,"Join_Count":0,"TARGET_FID":0,"Layer":"TEXT_PARCEL","Text":"61","vill_code":"533011","LGD_CODE":"533011"}},{"type":"Feature","id":97,"geometry":{"type":"Polygon","coordinates":[[[77.665155760069041,20.805693979897871],[77.666170255365103,20.805932857121309],[77.666761164693256,20.807445310027106],[77.666809289729528,20.807653889388401],[77.666374887549225,20.807575644099316],[77.664569912912739,20.806834606905504],[77.664532465006204,20.805684528172474],[77.665155760069041,20.805693979897871]]]},"properties":{"FID":97,"Join_Count":0,"TARGET_FID":0,"Layer":"TEXT_PARCEL","Text":"59","vill_code":"533011","LGD_CODE":"533011"}},{"type":"Feature","id":98,"geometry":{"type":"Polygon","coordinates":[[[77.657704041660551,20.807657356534996],[77.657549188501733,20.80766793171134],[77.656415483387789,20.807454555305132],[77.656600589820513,20.806893117352395],[77.657613149601488,20.806765503134134],[77.657704041660551,20.807657356534996]]]},"properties":{"FID":98,"Join_Count":0,"TARGET_FID":0,"Layer":"TEXT_PARCEL","Text":"139","vill_code":"533011","LGD_CODE":"533011"}},{"type":"Feature","id":99,"geometry":{"type":"Polygon","coordinates":[[[77.658247426084657,20.807599781864781],[77.657704041660551,20.807657356534996],[77.657613149601488,20.806765503134134],[77.657911687596197,20.806684177983033],[77.658136367972162,20.806656258276156],[77.658247426084657,20.807599781864781]]]},"properties":{"FID":99,"Join_Count":0,"TARGET_FID":0,"Layer":"TEXT_PARCEL","Text":"144","vill_code":"533011","LGD_CODE":"533011"}},{"type":"Feature","id":100,"geometry":{"type":"Polygon","coordinates":[[[77.660891639273586,20.807241412732267],[77.660568613976963,20.807479430806929],[77.660374786695272,20.807642849254787],[77.660285943343339,20.807597818644112],[77.659700090838641,20.807489010426568],[77.659640087314145,20.806969699952575],[77.659148308901962,20.806983025563319],[77.659084344141519,20.806740763652893],[77.658840631584582,20.806702930421665],[77.65879951778382,20.806450385175356],[77.658694660001473,20.806454443465395],[77.658575304196162,20.805995200990111],[77.658545336988453,20.805798888849854],[77.658612813241348,20.805564220143307],[77.658573757562181,20.805473258322412],[77.658501768506369,20.805423613090028],[77.658535144345564,20.805351888597823],[77.658560773740334,20.805297105999948],[77.659786823692215,20.804508756946174],[77.660182848762986,20.804969018554328],[77.660263276312477,20.805018608389673],[77.66064684816196,20.804946861747787],[77.661140238193042,20.804897486169214],[77.661268601336801,20.80489327380058],[77.661369331984289,20.805134733397878],[77.661388415641483,20.805210058901483],[77.661302817958443,20.805892475835364],[77.660891639273586,20.807241412732267]]]},"properties":{"FID":100,"Join_Count":0,"TARGET_FID":0,"Layer":"TEXT_PARCEL","Text":"ग\u093Eवठ\u093Eण","vill_code":"533011","LGD_CODE":"533011"}},{"type":"Feature","id":101,"geometry":{"type":"Polygon","coordinates":[[[77.658555905915478,20.807574696825561],[77.658247426084657,20.807599781864781],[77.658136367972162,20.806656258276156],[77.658494929540893,20.806527246510328],[77.658555905915478,20.807574696825561]]]},"properties":{"FID":101,"Join_Count":0,"TARGET_FID":0,"Layer":"TEXT_PARCEL","Text":"145","vill_code":"533011","LGD_CODE":"533011"}},{"type":"Feature","id":102,"geometry":{"type":"Polygon","coordinates":[[[77.658840631584582,20.806702930421665],[77.658917934227873,20.807531246255106],[77.658723950851595,20.807551085031808],[77.658555905915478,20.807574696825561],[77.658494929540893,20.806527246510328],[77.658515980687255,20.806518664198219],[77.658597331905071,20.806514758419247],[77.658694660001473,20.806454443465395],[77.65879951778382,20.806450385175356],[77.658840631584582,20.806702930421665]]]},"properties":{"FID":102,"Join_Count":0,"TARGET_FID":0,"Layer":"TEXT_PARCEL","Text":"146","vill_code":"533011","LGD_CODE":"533011"}},{"type":"Feature","id":103,"geometry":{"type":"Polygon","coordinates":[[[77.659700090838641,20.807489010426568],[77.659642358873185,20.807514159487543],[77.658917934227873,20.807531246255106],[77.658840631584582,20.806702930421665],[77.659084344141519,20.806740763652893],[77.659148308901962,20.806983025563319],[77.659640087314145,20.806969699952575],[77.659700090838641,20.807489010426568]]]},"properties":{"FID":103,"Join_Count":0,"TARGET_FID":0,"Layer":"TEXT_PARCEL","Text":"1","vill_code":"533011","LGD_CODE":"533011"}},{"type":"Feature","id":104,"geometry":{"type":"Polygon","coordinates":[[[77.653067470005681,20.802681774295941],[77.653695112007981,20.804212051306351],[77.654149864442218,20.805529480304298],[77.65430258867643,20.806147291678418],[77.654459790389609,20.806928922743964],[77.653183119877511,20.807497408306492],[77.652390526069979,20.806467628095103],[77.652200726354451,20.805559517851645],[77.652352037506134,20.805103029601124],[77.651867020527703,20.803067330822532],[77.653019076230407,20.802533439607064],[77.653067470005681,20.802681774295941]]]},"properties":{"FID":104,"Join_Count":0,"TARGET_FID":0,"Layer":"TEXT_PARCEL","Text":"97","vill_code":"533011","LGD_CODE":"533011"}},{"type":"Feature","id":105,"geometry":{"type":"Polygon","coordinates":[[[77.662559725417566,20.80558306957272],[77.662567470740044,20.805793602090155],[77.661785794635193,20.806152846959939],[77.661910597946871,20.806728604491525],[77.661574713100549,20.806814119989163],[77.661669163789213,20.807121497333526],[77.6608916392737,20.807241412732196],[77.661302817958585,20.805892475835435],[77.662570780674912,20.805508111223844],[77.662559725417566,20.80558306957272]]]},"properties":{"FID":105,"Join_Count":0,"TARGET_FID":0,"Layer":"TEXT_PARCEL","Text":"62","vill_code":"533011","LGD_CODE":"533011"}},{"type":"Feature","id":106,"geometry":{"type":"Polygon","coordinates":[[[77.652810278753151,20.801105184400473],[77.65403813364361,20.802155241216035],[77.654176936006593,20.802302991595813],[77.654594658911094,20.802537339344145],[77.654764977594141,20.802603242281016],[77.655053175609126,20.803997196997237],[77.65487729142194,20.804593484646375],[77.654738233604405,20.804856767699512],[77.655528856459,20.806542512002398],[77.655122091613123,20.806675208216046],[77.654600525973237,20.806870018549365],[77.654459790389609,20.806928922743964],[77.65430258867643,20.806147291678418],[77.654149864442218,20.805529480304298],[77.653695112007981,20.804212051306351],[77.653067470005681,20.802681774295941],[77.653019076230407,20.802533439607064],[77.652952920477105,20.802331166043732],[77.652868361806682,20.802067637952771],[77.652713493469889,20.801038805138901],[77.652810278753151,20.801105184400473]]]},"properties":{"FID":106,"Join_Count":0,"TARGET_FID":0,"Layer":"TEXT_PARCEL","Text":"86","vill_code":"533011","LGD_CODE":"533011"}},{"type":"Feature","id":107,"geometry":{"type":"Polygon","coordinates":[[[77.657613149601488,20.806765503134134],[77.656600589820513,20.806893117352395],[77.656728942378706,20.806657492398461],[77.657056837018786,20.8061987313726],[77.657221750558776,20.806267482241946],[77.657500148613451,20.80613899146525],[77.657613149601488,20.806765503134134]]]},"properties":{"FID":107,"Join_Count":0,"TARGET_FID":0,"Layer":"TEXT_PARCEL","Text":"140","vill_code":"533011","LGD_CODE":"533011"}},{"type":"Feature","id":108,"geometry":{"type":"Polygon","coordinates":[[[77.664532465006204,20.805684528172474],[77.664569912912739,20.806834606905504],[77.663644909046781,20.806763492382391],[77.662781587662323,20.806730259900711],[77.662734897001229,20.806563899235702],[77.662643643562689,20.806177673678402],[77.662567470739901,20.805793602090137],[77.66324452215035,20.805369157286098],[77.664532465006204,20.805684528172474]]]},"properties":{"FID":108,"Join_Count":0,"TARGET_FID":0,"Layer":"TEXT_PARCEL","Text":"60","vill_code":"533011","LGD_CODE":"533011"}},{"type":"Feature","id":109,"geometry":{"type":"Polygon","coordinates":[[[77.659392799638397,20.803513577528115],[77.659163335530934,20.80389062499728],[77.659104548683899,20.803144393012474],[77.658894660441661,20.80197628447263],[77.658827984275376,20.801790907900738],[77.65878210348535,20.801662828303847],[77.658680354251089,20.801341419100588],[77.658622511491501,20.801002270273905],[77.658605885000725,20.80070677262318],[77.658617277200449,20.800581136795589],[77.658638410750996,20.800474018709281],[77.658782892397937,20.80044098748067],[77.659225333490042,20.800447689722994],[77.659664009728147,20.800426262466772],[77.659734866526435,20.801060932148914],[77.659781775726685,20.801726162017246],[77.659734094100941,20.802398762109306],[77.659489306816283,20.802955524989557],[77.659367036121523,20.803314422555435],[77.659382754925048,20.803437630027013],[77.659392799638397,20.803513577528115]]]},"properties":{"FID":109,"Join_Count":0,"TARGET_FID":0,"Layer":"TEXT_PARCEL","Text":"79","vill_code":"533011","LGD_CODE":"533011"}},{"type":"Feature","id":110,"geometry":{"type":"Polygon","coordinates":[[[77.658694660001473,20.806454443465395],[77.658597331905071,20.806514758419247],[77.658515980687255,20.806518664198219],[77.658494929540893,20.806527246510328],[77.658136367972162,20.806656258276156],[77.657911687596197,20.806684177983033],[77.657819237204066,20.80618309467236],[77.658575304196162,20.805995200990111],[77.658694660001473,20.806454443465395]]]},"properties":{"FID":110,"Join_Count":0,"TARGET_FID":0,"Layer":"TEXT_PARCEL","Text":"143","vill_code":"533011","LGD_CODE":"533011"}},{"type":"Feature","id":111,"geometry":{"type":"Polygon","coordinates":[[[77.668367132954032,20.806582356462091],[77.667931821077985,20.806446125855558],[77.667226168407254,20.806025627105154],[77.666444630636178,20.805842667332907],[77.666170255365103,20.805932857121309],[77.665155760069041,20.805693979897871],[77.664532465006204,20.805684528172474],[77.66324452215035,20.805369157286098],[77.664146219670627,20.804797978468276],[77.664940515396424,20.8042066619739],[77.665542278265377,20.80368134883971],[77.665706073118727,20.803312604623116],[77.665819989404866,20.803425599262859],[77.666863421409346,20.804234097920727],[77.667508844158277,20.804325040766948],[77.667660983031155,20.804597692676897],[77.668486425414159,20.804763469034167],[77.669470894150606,20.805249143875088],[77.668367132954032,20.806582356462091]]]},"properties":{"FID":111,"Join_Count":0,"TARGET_FID":0,"Layer":"TEXT_PARCEL","Text":"65","vill_code":"533011","LGD_CODE":"533011"}},{"type":"Feature","id":112,"geometry":{"type":"Polygon","coordinates":[[[77.654815709523504,20.802622621342966],[77.655153741293731,20.802717281744599],[77.655523673246378,20.802803289364686],[77.655741409212084,20.802831159905988],[77.655841348569339,20.803153145010793],[77.655947174581385,20.803562928744178],[77.656199271302029,20.804508358517868],[77.656372946418784,20.805326481141964],[77.656499863314025,20.806078465182523],[77.656238361839371,20.806210786553457],[77.65591964472209,20.806351923567487],[77.655528856459,20.806542512002398],[77.654738233604405,20.804856767699512],[77.65487729142194,20.804593484646375],[77.655053175609126,20.803997196997237],[77.654764977594141,20.802603242281016],[77.654815709523504,20.802622621342966]]]},"properties":{"FID":112,"Join_Count":0,"TARGET_FID":0,"Layer":"TEXT_PARCEL","Text":"85","vill_code":"533011","LGD_CODE":"533011"}},{"type":"Feature","id":113,"geometry":{"type":"Polygon","coordinates":[[[77.656711176318751,20.802937495376138],[77.657176630975016,20.802963760370229],[77.65811903693006,20.803024658314197],[77.658369201631757,20.803144093974158],[77.658581941458195,20.803367374425775],[77.658765193018453,20.803713592199234],[77.658885803372414,20.803953798275796],[77.658933124757269,20.804012049256478],[77.658830222282162,20.804157985202959],[77.658711948656361,20.804360889448461],[77.65860262064254,20.80454571778111],[77.658102097925024,20.804957178218338],[77.658065328144616,20.805071153859554],[77.658033987959627,20.805414821123918],[77.658044907885738,20.8055425640358],[77.658133763689946,20.805819011590057],[77.657985257000874,20.805889792970476],[77.657772706397665,20.805931710321293],[77.657496687985471,20.80593969220023],[77.65728408680188,20.805972037389122],[77.657177111806817,20.806031851072177],[77.656713880592619,20.806086088644712],[77.656499863314025,20.806078465182523],[77.656372946418784,20.805326481141964],[77.656199271302029,20.804508358517868],[77.655947174581385,20.803562928744178],[77.655841348569339,20.803153145010793],[77.655741409212084,20.802831159905988],[77.656711176318751,20.802937495376138]]]},"properties":{"FID":113,"Join_Count":0,"TARGET_FID":0,"Layer":"TEXT_PARCEL","Text":"84","vill_code":"533011","LGD_CODE":"533011"}},{"type":"Feature","id":114,"geometry":{"type":"Polygon","coordinates":[[[77.662669125779814,20.804843628353495],[77.662570780674912,20.805508111223762],[77.661302817958443,20.805892475835364],[77.661388415641483,20.805210058901483],[77.661369331984289,20.805134733397878],[77.661663058380384,20.805056248821781],[77.662002362360496,20.804934112140661],[77.662297785996884,20.804834782460166],[77.662455641396505,20.804708757342766],[77.662653506452727,20.804512089772306],[77.662711529495311,20.804428379970648],[77.662669125779814,20.804843628353495]]]},"properties":{"FID":114,"Join_Count":0,"TARGET_FID":0,"Layer":"TEXT_PARCEL","Text":"147","vill_code":"533011","LGD_CODE":"533011"}},{"type":"Feature","id":115,"geometry":{"type":"Polygon","coordinates":[[[77.667862700943942,20.801108611778282],[77.665706073118727,20.803312604623116],[77.665542278265377,20.803681348839707],[77.664940515396424,20.8042066619739],[77.664146219670627,20.804797978468276],[77.66324452215035,20.805369157286098],[77.662567470739901,20.805793602090137],[77.662559725417566,20.805583069572663],[77.664439515079039,20.80441150054871],[77.665054806288964,20.803936212967454],[77.665201785851764,20.80380575190955],[77.665348603661016,20.8036448867073],[77.665486858813054,20.803347254349404],[77.666319749610096,20.802421786704556],[77.666409738171026,20.802342371533449],[77.66660350566471,20.802169937674186],[77.667774172002481,20.800989765241827],[77.667862700943942,20.801108611778282]]]},"properties":{"FID":115,"Join_Count":0,"TARGET_FID":0,"Layer":" ","Text":" ","vill_code":"533011","LGD_CODE":"533011"}},{"type":"Feature","id":116,"geometry":{"type":"Polygon","coordinates":[[[77.665348603661016,20.803644886707303],[77.665201785851764,20.80380575190955],[77.665054806288964,20.803936212967454],[77.664439515079039,20.80441150054871],[77.662559725417566,20.805583069572663],[77.662570780674912,20.805508111223762],[77.662669125779814,20.804843628353499],[77.662711529495311,20.804428379970648],[77.662813814140563,20.804280193748635],[77.662911631928651,20.804085302817359],[77.662900851885681,20.803757110902097],[77.662883692372858,20.803589994674248],[77.662823670809715,20.80352394446988],[77.663927902121145,20.803183990563923],[77.664249175086113,20.80295892764363],[77.665348603661016,20.803644886707303]]]},"properties":{"FID":116,"Join_Count":0,"TARGET_FID":0,"Layer":"TEXT_PARCEL","Text":"64","vill_code":"533011","LGD_CODE":"533011"}},{"type":"Feature","id":117,"geometry":{"type":"Polygon","coordinates":[[[77.652352037506134,20.805103029601124],[77.652200726354451,20.805559517851645],[77.652131646668593,20.805489581472347],[77.651171148941415,20.80404590508607],[77.650328422038996,20.80414423908131],[77.6500089918393,20.803110272145226],[77.651824696150271,20.802926839541335],[77.651867020527703,20.803067330822532],[77.652352037506134,20.805103029601124]]]},"properties":{"FID":117,"Join_Count":0,"TARGET_FID":0,"Layer":"TEXT_PARCEL","Text":"98","vill_code":"533011","LGD_CODE":"533011"}},{"type":"Feature","id":118,"geometry":{"type":"Polygon","coordinates":[[[77.669594290707636,20.803741330186693],[77.670193971037421,20.805079129804341],[77.669899318628197,20.805337556400044],[77.669854089895097,20.805333347863801],[77.669470894150606,20.805249143875088],[77.668486425414159,20.804763469034167],[77.667660983031155,20.804597692676897],[77.667508844158277,20.804325040766948],[77.666863421409346,20.804234097920727],[77.665819989404866,20.803425599262859],[77.665706073118727,20.803312604623116],[77.669594290707636,20.803741330186693]]]},"properties":{"FID":118,"Join_Count":0,"TARGET_FID":0,"Layer":"TEXT_PARCEL","Text":"66","vill_code":"533011","LGD_CODE":"533011"}},{"type":"Feature","id":119,"geometry":{"type":"Polygon","coordinates":[[[77.649517619892833,20.802275606776874],[77.649625444612539,20.80237851522951],[77.649819955079764,20.802691448859651],[77.649975680403799,20.802964091866276],[77.6500089918393,20.803110272145226],[77.650328422038996,20.80414423908131],[77.650522760908899,20.80488509529766],[77.647784485450202,20.805349781484328],[77.647292841928561,20.80411478078226],[77.647359571985334,20.803270893440846],[77.64750815190942,20.802750800343976],[77.647983283262604,20.801511272861244],[77.648197601351342,20.801115191587623],[77.648587579166332,20.801001198269525],[77.649517619892833,20.802275606776874]]]},"properties":{"FID":119,"Join_Count":0,"TARGET_FID":0,"Layer":"TEXT_PARCEL","Text":"100","vill_code":"533011","LGD_CODE":"533011"}},{"type":"Feature","id":120,"geometry":{"type":"Polygon","coordinates":[[[77.662002362360496,20.804934112140661],[77.661663058380384,20.805056248821781],[77.661369331984289,20.805134733397878],[77.661268601336801,20.80489327380058],[77.661140238193042,20.804897486169214],[77.66112325859946,20.804536114347961],[77.661061690685344,20.804063546901922],[77.661040697688279,20.803741051817809],[77.661019779388283,20.803660670598898],[77.661239189799701,20.803548885933477],[77.661450999816125,20.803481631891934],[77.661730150723002,20.80338297176154],[77.661963819254993,20.803345980130654],[77.662228876927998,20.803317793008951],[77.66246332986583,20.803315142141326],[77.662655571373932,20.803308824181205],[77.662756371882324,20.803449495733485],[77.662823670809715,20.80352394446988],[77.662883692372858,20.803589994674248],[77.662900851885681,20.803757110902097],[77.662911631928651,20.804085302817359],[77.662813814140563,20.804280193748635],[77.662711529495311,20.804428379970648],[77.662653506452727,20.804512089772306],[77.662455641396505,20.804708757342766],[77.662297785996884,20.804834782460166],[77.662002362360496,20.804934112140661]]]},"properties":{"FID":120,"Join_Count":0,"TARGET_FID":0,"Layer":"TEXT_PARCEL","Text":"63","vill_code":"533011","LGD_CODE":"533011"}},{"type":"Feature","id":121,"geometry":{"type":"Polygon","coordinates":[[[77.660997020193932,20.803574107706904],[77.661019779388283,20.803660670598898],[77.661040697688279,20.803741051817809],[77.661061690685344,20.804063546901922],[77.66112325859946,20.804536114347961],[77.661140238193042,20.804897486169214],[77.66064684816196,20.804946861747787],[77.660263276312477,20.805018608389673],[77.660182848762986,20.804969018554328],[77.659786823692215,20.804508756946174],[77.659745285378179,20.804404298041266],[77.659741374002749,20.804234280379312],[77.659746120760843,20.804105872688496],[77.659783203566846,20.803937278103938],[77.659832340774628,20.803768605251729],[77.660044481698762,20.803763849927982],[77.660874258157193,20.803383465849578],[77.660997020193932,20.803574107706904]]]},"properties":{"FID":121,"Join_Count":0,"TARGET_FID":0,"Layer":"TEXT_PARCEL","Text":"77","vill_code":"533011","LGD_CODE":"533011"}},{"type":"Feature","id":122,"geometry":{"type":"Polygon","coordinates":[[[77.647292841928561,20.80411478078226],[77.647031681143503,20.804197538661999],[77.646877392296545,20.805011019556925],[77.645808695018658,20.803962713536478],[77.645229708072051,20.803778930419778],[77.645115541766955,20.803782919727745],[77.645071817842563,20.803784447733918],[77.645042430924434,20.803696799113812],[77.644898036951844,20.803288779763918],[77.644867479151443,20.80320243120989],[77.644653885205841,20.801533773896836],[77.645380143701075,20.801526300861351],[77.646049919674965,20.801668397907846],[77.647983283262604,20.801511272861244],[77.64750815190942,20.802750800343976],[77.647359571985334,20.803270893440846],[77.647292841928561,20.80411478078226]]]},"properties":{"FID":122,"Join_Count":0,"TARGET_FID":0,"Layer":"TEXT_PARCEL","Text":"101","vill_code":"533011","LGD_CODE":"533011"}},{"type":"Feature","id":123,"geometry":{"type":"Polygon","coordinates":[[[77.657111490732319,20.802840872750398],[77.658135729505105,20.802875340005546],[77.658446964736186,20.803031541500218],[77.658630554165853,20.803213344690207],[77.658850004678413,20.803566084386677],[77.658956063541893,20.803790056173927],[77.659128612205308,20.803935331711994],[77.658933124757269,20.804012049256478],[77.658885803372414,20.803953798275796],[77.658765193018453,20.803713592199241],[77.658581941458195,20.803367374425772],[77.658369201631757,20.803144093974158],[77.65811903693006,20.803024658314193],[77.657176630975016,20.802963760370229],[77.656711176318751,20.802937495376138],[77.655741409212084,20.802831159905985],[77.655523673246378,20.802803289364686],[77.655153741293731,20.802717281744599],[77.654815709523504,20.802622621342966],[77.654764977594141,20.802603242281016],[77.654594658911094,20.802537339344145],[77.654176936006593,20.802302991595813],[77.65403813364361,20.802155241216035],[77.652810278753151,20.80110518440047],[77.652713493469889,20.801038805138901],[77.652591302858241,20.800955134968074],[77.651245366512995,20.800257740527638],[77.650787257511467,20.800020830056102],[77.650402210051766,20.79980878547498],[77.650355110433608,20.79979219710609],[77.649660074614388,20.79954442251983],[77.648959962223344,20.79947854595483],[77.648956693967406,20.799314153922648],[77.649562397800906,20.799422304549292],[77.650145570017486,20.799601543767064],[77.650464406484517,20.799715480206807],[77.651010172149796,20.800002501855751],[77.651674442311275,20.800359703140369],[77.652421995816766,20.800736634811045],[77.652700678277114,20.8008936189173],[77.654199789146773,20.802178408281922],[77.654397395122814,20.802275666461892],[77.654749126240006,20.802454134595244],[77.655095651898591,20.802559438291897],[77.65569439013214,20.802715474313381],[77.656865417778846,20.802811498072469],[77.656252494727241,20.802250719359311],[77.655756771983292,20.801396390329877],[77.655547137616708,20.800386494335108],[77.65528501688334,20.799366801666277],[77.655165979295006,20.798850683497136],[77.655063375134759,20.798364863978779],[77.655053536696769,20.798327765690971],[77.65478848876397,20.797438156347514],[77.654695257799261,20.796900473996285],[77.654384080950862,20.795718932997794],[77.654579386811477,20.795723864290004],[77.654725477280053,20.796457150553021],[77.655177585021704,20.798420994461331],[77.65562835781428,20.800243515247708],[77.6558992710995,20.801215289940124],[77.656307166020227,20.802102281447009],[77.656690671348827,20.80247704740081],[77.657111490732319,20.802840872750398]]]},"properties":{"FID":123,"Join_Count":0,"TARGET_FID":0,"Layer":" ","Text":" ","vill_code":"533011","LGD_CODE":"533011"}},{"type":"Feature","id":124,"geometry":{"type":"Polygon","coordinates":[[[77.660044481698762,20.803763849927982],[77.659832340774628,20.803768605251729],[77.659783203566846,20.803937278103938],[77.65939279963834,20.803513577528037],[77.659382754925019,20.80343763002703],[77.66048714760548,20.802328558746627],[77.660347362915275,20.801881835736303],[77.661205215069558,20.800999582695948],[77.661366916278368,20.800917451600245],[77.661574568400439,20.801318125452877],[77.661684928899646,20.801557270759709],[77.661761278372254,20.801747651032642],[77.661810807529946,20.801881336782365],[77.662484229869008,20.802026168128954],[77.663258662179217,20.802009868329851],[77.663805497577243,20.802152140510923],[77.663971194823432,20.802255227206519],[77.664105636849683,20.802261108367553],[77.664176057034751,20.802355806443408],[77.664215751330218,20.80256669443331],[77.664249175086113,20.80295892764363],[77.663927902121145,20.803183990563923],[77.662823670809715,20.80352394446988],[77.662756371882324,20.803449495733485],[77.662655571373932,20.803308824181205],[77.66246332986583,20.803315142141326],[77.662228876927998,20.803317793008951],[77.661963819254993,20.803345980130654],[77.661730150723002,20.80338297176154],[77.661450999816125,20.803481631891934],[77.661239189799701,20.803548885933477],[77.661019779388283,20.803660670598898],[77.660997020193932,20.803574107706904],[77.660874258157193,20.803383465849578],[77.660044481698762,20.803763849927982]]]},"properties":{"FID":124,"Join_Count":0,"TARGET_FID":0,"Layer":"TEXT_PARCEL","Text":"76","vill_code":"533011","LGD_CODE":"533011"}},{"type":"Feature","id":125,"geometry":{"type":"Polygon","coordinates":[[[77.658894660441547,20.801976284472506],[77.659104548683842,20.803144393012442],[77.659163335530835,20.803890624997361],[77.659128612205308,20.803935331711994],[77.658956063541893,20.803790056173927],[77.658850004678413,20.803566084386677],[77.658630554165853,20.803213344690207],[77.658446964736186,20.803031541500218],[77.658135729505105,20.802875340005546],[77.657902563781803,20.801978211722489],[77.65809575123707,20.801922906180415],[77.658477502919823,20.801850049333932],[77.658740688329885,20.801810054912082],[77.658827984275362,20.80179090790066],[77.658894660441547,20.801976284472506]]]},"properties":{"FID":125,"Join_Count":0,"TARGET_FID":0,"Layer":"TEXT_PARCEL","Text":"82","vill_code":"533011","LGD_CODE":"533011"}},{"type":"Feature","id":126,"geometry":{"type":"Polygon","coordinates":[[[77.668446137841272,20.801891844939163],[77.669553333132441,20.803649959903247],[77.669594290707636,20.803741330186693],[77.665706073118727,20.803312604623116],[77.667862700943942,20.801108611778282],[77.668446137841272,20.801891844939163]]]},"properties":{"FID":126,"Join_Count":0,"TARGET_FID":0,"Layer":"TEXT_PARCEL","Text":"67","vill_code":"533011","LGD_CODE":"533011"}},{"type":"Feature","id":127,"geometry":{"type":"Polygon","coordinates":[[[77.666409738171026,20.802342371533445],[77.666319749610096,20.802421786704556],[77.665486858813054,20.803347254349404],[77.665348603661016,20.803644886707303],[77.664249175086113,20.80295892764363],[77.664215751330218,20.80256669443331],[77.664176057034751,20.802355806443408],[77.664105636849683,20.802261108367553],[77.663971194823432,20.802255227206519],[77.663805497577243,20.802152140510923],[77.663258662179217,20.802009868329851],[77.662484229869008,20.802026168128954],[77.661810807529946,20.801881336782365],[77.661761278372254,20.801747651032642],[77.661684928899646,20.801557270759709],[77.661890786571504,20.801504694299325],[77.663354394374565,20.801080762941684],[77.664054098751222,20.800726548340258],[77.664080846136102,20.800428516326239],[77.664124240697618,20.800314495920862],[77.664300476613477,20.800245781033865],[77.664879596522496,20.800339417012289],[77.665744693187065,20.801279715180605],[77.666409738171026,20.802342371533445]]]},"properties":{"FID":127,"Join_Count":0,"TARGET_FID":0,"Layer":"TEXT_PARCEL","Text":"69","vill_code":"533011","LGD_CODE":"533011"}},{"type":"Feature","id":128,"geometry":{"type":"Polygon","coordinates":[[[77.661205215069558,20.800999582695948],[77.660347362915275,20.801881835736303],[77.66048714760548,20.802328558746627],[77.659382754925019,20.80343763002703],[77.659367036121537,20.803314422555321],[77.659489306816212,20.802955524989539],[77.659734094100855,20.802398762109238],[77.659781775726557,20.801726162017133],[77.659734866526321,20.801060932148825],[77.659664009728061,20.800426262466686],[77.6597996808066,20.800208604525132],[77.659959765330498,20.799934482130922],[77.660130570226002,20.799636078421251],[77.660343097075099,20.799249003351498],[77.66037854561246,20.799113639055868],[77.660390140487337,20.79891255173716],[77.660411063300117,20.798651719553146],[77.660423912902075,20.798345894999724],[77.660433995853211,20.79808682225978],[77.661724751518221,20.798033954423811],[77.661518468531639,20.799030783818285],[77.662122051034956,20.799306137187681],[77.662293978329757,20.799220560335883],[77.662534220476189,20.799060215196992],[77.663031907311321,20.79891508642763],[77.663193608634828,20.79883351669277],[77.664022089413564,20.798555602480462],[77.66403931162921,20.798620805186395],[77.664002628455989,20.798863722555694],[77.663972809722907,20.798923600999004],[77.663770623731082,20.799213203734269],[77.663668859099587,20.799345059014485],[77.663615457271774,20.799504189257384],[77.6635667602756,20.7995275916883],[77.663503174924656,20.79969861240119],[77.663464285871498,20.799980394845292],[77.66342104936426,20.800237994003073],[77.663637202101455,20.800308658377013],[77.66392032469966,20.800391836765126],[77.664080846136102,20.800428516326239],[77.664054098751222,20.800726548340258],[77.663354394374565,20.801080762941684],[77.661890786571504,20.801504694299325],[77.661684928899646,20.801557270759709],[77.661574568400439,20.801318125452877],[77.661366916278368,20.800917451600245],[77.661205215069558,20.800999582695948]]]},"properties":{"FID":128,"Join_Count":0,"TARGET_FID":0,"Layer":"TEXT_PARCEL","Text":"75","vill_code":"533011","LGD_CODE":"533011"}},{"type":"Feature","id":129,"geometry":{"type":"Polygon","coordinates":[[[77.6500089918393,20.803110272145226],[77.649975680403799,20.802964091866276],[77.649819955079764,20.802691448859651],[77.649625444612539,20.80237851522951],[77.649517619892833,20.802275606776874],[77.648587579166332,20.801001198269525],[77.648779160066994,20.800984200332028],[77.649497819227349,20.800791514633172],[77.649540361820286,20.80085880773775],[77.65143733953326,20.801813920839159],[77.652278498239554,20.801878878485613],[77.652647475095449,20.802013320781001],[77.652868361806682,20.802067637952771],[77.652952920477105,20.802331166043732],[77.653019076230407,20.802533439607064],[77.651867020527703,20.803067330822532],[77.651824696150271,20.802926839541335],[77.6500089918393,20.803110272145226]]]},"properties":{"FID":129,"Join_Count":0,"TARGET_FID":0,"Layer":"TEXT_PARCEL","Text":"96","vill_code":"533011","LGD_CODE":"533011"}},{"type":"Feature","id":130,"geometry":{"type":"Polygon","coordinates":[[[77.658135729505105,20.802875340005546],[77.657111490732319,20.802840872750398],[77.656690671348827,20.80247704740081],[77.657562648180701,20.802098093204766],[77.657902563781803,20.801978211722489],[77.658135729505105,20.802875340005546]]]},"properties":{"FID":130,"Join_Count":0,"TARGET_FID":0,"Layer":"TEXT_PARCEL","Text":"83","vill_code":"533011","LGD_CODE":"533011"}},{"type":"Feature","id":131,"geometry":{"type":"Polygon","coordinates":[[[77.655053536696769,20.798327765690971],[77.655063375134759,20.798364863978779],[77.655165979295006,20.798850683497136],[77.65528501688334,20.799366801666274],[77.655547137616708,20.800386494335111],[77.655756771983292,20.801396390329877],[77.656252494727241,20.802250719359311],[77.656865417778846,20.802811498072469],[77.65569439013214,20.802715474313381],[77.655095651898591,20.802559438291897],[77.654749126240006,20.802454134595244],[77.654397395122814,20.802275666461892],[77.654199789146773,20.802178408281922],[77.652700678277114,20.8008936189173],[77.652421995816766,20.800736634811045],[77.652720961129575,20.799242601228055],[77.652846247625988,20.79888199813125],[77.653036012934251,20.798288998314526],[77.653067394376407,20.797951523304626],[77.653025463103035,20.797425896544354],[77.653591488741981,20.797324269572986],[77.655053536696769,20.798327765690971]]]},"properties":{"FID":131,"Join_Count":0,"TARGET_FID":0,"Layer":"TEXT_PARCEL","Text":"87","vill_code":"533011","LGD_CODE":"533011"}},{"type":"Feature","id":132,"geometry":{"type":"Polygon","coordinates":[[[77.656857419914928,20.801062693323665],[77.657562648180701,20.802098093204766],[77.656690671348827,20.80247704740081],[77.656307166020227,20.802102281447009],[77.6558992710995,20.801215289940128],[77.65562835781428,20.800243515247704],[77.655177585021704,20.798420994461331],[77.656168716056513,20.798468636602088],[77.655578088208358,20.795724163778441],[77.656557787194032,20.795776594090377],[77.656601185069619,20.795778916731443],[77.657687446672668,20.799472308114833],[77.657862416336513,20.800078151406066],[77.658039578545754,20.800642313736827],[77.658145123436881,20.800998045385533],[77.656827910130986,20.80083822428017],[77.656857419914928,20.801062693323665]]]},"properties":{"FID":132,"Join_Count":0,"TARGET_FID":0,"Layer":"TEXT_PARCEL","Text":"88","vill_code":"533011","LGD_CODE":"533011"}},{"type":"Feature","id":133,"geometry":{"type":"Polygon","coordinates":[[[77.666878246724693,20.799825454745672],[77.667709734001164,20.800903260018565],[77.667774172002481,20.800989765241823],[77.66660350566471,20.80216993767419],[77.666409738171026,20.802342371533445],[77.665744693187065,20.801279715180605],[77.664879596522496,20.800339417012289],[77.665510374902809,20.800059406681587],[77.666207525645461,20.799226600530979],[77.666281130916857,20.799061794105729],[77.666878246724693,20.799825454745672]]]},"properties":{"FID":133,"Join_Count":0,"TARGET_FID":0,"Layer":"TEXT_PARCEL","Text":"68","vill_code":"533011","LGD_CODE":"533011"}},{"type":"Feature","id":134,"geometry":{"type":"Polygon","coordinates":[[[77.658680354251047,20.801341419100652],[77.658782103485251,20.801662828303929],[77.658827984275362,20.80179090790066],[77.658740688329885,20.801810054912082],[77.658477502919823,20.801850049333932],[77.65809575123707,20.801922906180415],[77.657902563781803,20.801978211722489],[77.657562648180701,20.802098093204766],[77.656857419914928,20.801062693323665],[77.656827910130986,20.80083822428017],[77.658145123436881,20.800998045385533],[77.65847432103044,20.801017870613187],[77.658622511491416,20.801002270273923],[77.658680354251047,20.801341419100652]]]},"properties":{"FID":134,"Join_Count":0,"TARGET_FID":0,"Layer":"TEXT_PARCEL","Text":"81","vill_code":"533011","LGD_CODE":"533011"}},{"type":"Feature","id":135,"geometry":{"type":"Polygon","coordinates":[[[77.650402210051766,20.79980878547498],[77.650787257511467,20.800020830056102],[77.651245366512995,20.800257740527638],[77.652591302858241,20.800955134968078],[77.652713493469889,20.801038805138901],[77.652868361806682,20.802067637952771],[77.652647475095449,20.802013320781001],[77.652278498239554,20.801878878485613],[77.65143733953326,20.801813920839159],[77.649540361820286,20.80085880773775],[77.649497819227349,20.800791514633172],[77.649537551829454,20.800551396216704],[77.650374903995925,20.800235196437075],[77.650355110433608,20.79979219710609],[77.650402210051766,20.79980878547498]]]},"properties":{"FID":135,"Join_Count":0,"TARGET_FID":0,"Layer":"TEXT_PARCEL","Text":"95","vill_code":"533011","LGD_CODE":"533011"}},{"type":"Feature","id":136,"geometry":{"type":"Polygon","coordinates":[[[77.646049919674965,20.801668397907846],[77.645380143701075,20.801526300861351],[77.644653885205841,20.801533773896836],[77.644584598151624,20.801111044099216],[77.644475866080569,20.800447650882941],[77.648564632165574,20.799490097983647],[77.648959962223344,20.79947854595483],[77.649660074614388,20.79954442251983],[77.650355110433608,20.79979219710609],[77.650374903995925,20.800235196437075],[77.649537551829454,20.800551396216704],[77.649497819227349,20.800791514633172],[77.648779160066994,20.800984200332028],[77.648587579166332,20.801001198269525],[77.648197601351342,20.801115191587623],[77.647983283262604,20.801511272861244],[77.646049919674965,20.801668397907846]]]},"properties":{"FID":136,"Join_Count":0,"TARGET_FID":0,"Layer":"TEXT_PARCEL","Text":"94","vill_code":"533011","LGD_CODE":"533011"}},{"type":"Feature","id":137,"geometry":{"type":"Polygon","coordinates":[[[77.658638410750982,20.800474018709277],[77.658617277200449,20.800581136795458],[77.658605885000625,20.800706772623194],[77.658622511491416,20.801002270273923],[77.65847432103044,20.801017870613187],[77.658145123436881,20.800998045385533],[77.658039578545754,20.800642313736827],[77.657862416336513,20.800078151406066],[77.657687446672668,20.799472308114833],[77.656601185069619,20.795778916731443],[77.657504532926723,20.795759083953183],[77.658650400960425,20.79580247426177],[77.658679735701938,20.79579886521876],[77.658505908884266,20.797520507952694],[77.659231462216368,20.798867707584808],[77.659452405842728,20.798818977150546],[77.65949577803525,20.799042793172841],[77.660343097075099,20.799249003351498],[77.660130570226002,20.799636078421251],[77.659959765330498,20.799934482130922],[77.6597996808066,20.800208604525132],[77.659664009728061,20.800426262466686],[77.659225333490056,20.800447689722862],[77.658782892397952,20.800440987480563],[77.658638410750982,20.800474018709277]]]},"properties":{"FID":137,"Join_Count":0,"TARGET_FID":0,"Layer":"TEXT_PARCEL","Text":"80","vill_code":"533011","LGD_CODE":"533011"}},{"type":"Feature","id":138,"geometry":{"type":"Polygon","coordinates":[[[77.652421995816766,20.800736634811045],[77.651674442311275,20.800359703140369],[77.651010172149796,20.800002501855751],[77.650464406484517,20.799715480206807],[77.650145570017486,20.799601543767064],[77.649562397800906,20.799422304549289],[77.648956693967406,20.799314153922644],[77.648930382791846,20.797967486268806],[77.650826206693679,20.797670934821042],[77.651119426481372,20.798188748825531],[77.651214866599318,20.798344101028977],[77.651449518113324,20.798611167519756],[77.651806196991373,20.798930937369629],[77.652137013825467,20.799261008360393],[77.652720961129575,20.799242601228055],[77.652421995816766,20.800736634811045]]]},"properties":{"FID":138,"Join_Count":0,"TARGET_FID":0,"Layer":"TEXT_PARCEL","Text":"93","vill_code":"533011","LGD_CODE":"533011"}},{"type":"Feature","id":139,"geometry":{"type":"Polygon","coordinates":[[[77.664124240697618,20.800314495920862],[77.664080846136102,20.800428516326239],[77.66392032469966,20.800391836765126],[77.663637202101455,20.800308658377013],[77.66342104936426,20.800237994003073],[77.663464285871498,20.799980394845292],[77.663503174924656,20.79969861240119],[77.6635667602756,20.7995275916883],[77.663615457271774,20.799504189257384],[77.664766626062459,20.799041739854466],[77.665728317791761,20.798370696272091],[77.666002485206079,20.798705400826041],[77.666075020702394,20.798798194205389],[77.666281130916857,20.799061794105729],[77.666207525645461,20.799226600530979],[77.665510374902809,20.800059406681587],[77.664879596522496,20.800339417012289],[77.664300476613477,20.800245781033865],[77.664124240697618,20.800314495920862]]]},"properties":{"FID":139,"Join_Count":0,"TARGET_FID":0,"Layer":"TEXT_PARCEL","Text":"70","vill_code":"533011","LGD_CODE":"533011"}},{"type":"Feature","id":140,"geometry":{"type":"Polygon","coordinates":[[[77.664537146890439,20.79658114429995],[77.665055293086368,20.797521720065745],[77.665279583795765,20.797829199936743],[77.66534640890481,20.797908703097782],[77.66540877702505,20.797982908820263],[77.665487893935236,20.798077042190219],[77.665562819994378,20.798168604009977],[77.665569542916955,20.798176819738714],[77.665605257016068,20.798220463186205],[77.665728317791761,20.798370696272091],[77.664766626062459,20.799041739854466],[77.663615457271774,20.799504189257384],[77.663668859099587,20.799345059014485],[77.663770623731082,20.799213203734269],[77.663972809722907,20.798923600999004],[77.664002628455989,20.798863722555694],[77.66403931162921,20.798620805186395],[77.664022089413564,20.798555602480462],[77.663788338081773,20.797780102695114],[77.663768107607666,20.797488569540828],[77.663508833348899,20.796559519540711],[77.663433280957236,20.796405732881016],[77.663379901261933,20.795015789712707],[77.663575721144582,20.794963520795136],[77.664537146890439,20.79658114429995]]]},"properties":{"FID":140,"Join_Count":0,"TARGET_FID":0,"Layer":"TEXT_PARCEL","Text":"71","vill_code":"533011","LGD_CODE":"533011"}},{"type":"Feature","id":141,"geometry":{"type":"Polygon","coordinates":[[[77.663433280957236,20.796405732881016],[77.663508833348899,20.796559519540711],[77.663768107607666,20.797488569540828],[77.663788338081773,20.797780102695114],[77.664022089413564,20.798555602480462],[77.663193608634828,20.79883351669277],[77.663031907311321,20.79891508642763],[77.662534220476189,20.799060215196992],[77.662293978329757,20.799220560335883],[77.662122051034956,20.799306137187681],[77.661518468531639,20.799030783818285],[77.661724751518221,20.798033954423811],[77.661864888390184,20.797294309283426],[77.661767613100665,20.795996525255852],[77.661736710155893,20.795377315112539],[77.662326616853179,20.795288183223647],[77.663006925154122,20.795115344993405],[77.663379901261933,20.795015789712707],[77.663433280957236,20.796405732881016]]]},"properties":{"FID":141,"Join_Count":0,"TARGET_FID":0,"Layer":"TEXT_PARCEL","Text":"72","vill_code":"533011","LGD_CODE":"533011"}},{"type":"Feature","id":142,"geometry":{"type":"Polygon","coordinates":[[[77.660390140487337,20.79891255173716],[77.66037854561246,20.799113639055868],[77.660343097075099,20.799249003351498],[77.65949577803525,20.799042793172841],[77.659452405842728,20.798818977150546],[77.659231462216368,20.798867707584808],[77.658505908884266,20.797520507952694],[77.658679735701938,20.79579886521876],[77.660454482119803,20.795580507139366],[77.660522098020436,20.796509682983299],[77.660452300577035,20.797330514478642],[77.660433995853211,20.79808682225978],[77.660423912902075,20.798345894999724],[77.660411063300117,20.798651719553146],[77.660390140487337,20.79891255173716]]]},"properties":{"FID":142,"Join_Count":0,"TARGET_FID":0,"Layer":"TEXT_PARCEL","Text":"74","vill_code":"533011","LGD_CODE":"533011"}},{"type":"Feature","id":143,"geometry":{"type":"Polygon","coordinates":[[[77.651942903355319,20.796260591246369],[77.652053198403053,20.796375307152378],[77.653025463103035,20.797425896544354],[77.653067394376407,20.797951523304626],[77.653036012934251,20.798288998314526],[77.652846247625988,20.79888199813125],[77.652720961129575,20.799242601228055],[77.652137013825467,20.799261008360393],[77.651806196991373,20.798930937369629],[77.651449518113324,20.798611167519756],[77.651214866599318,20.798344101028977],[77.651119426481372,20.798188748825531],[77.650826206693679,20.797670934821042],[77.650771527378339,20.797472527195612],[77.65057865181376,20.796087516907772],[77.65174896381231,20.79594089784533],[77.651942903355319,20.796260591246369]]]},"properties":{"FID":143,"Join_Count":0,"TARGET_FID":0,"Layer":"TEXT_PARCEL","Text":"91","vill_code":"533011","LGD_CODE":"533011"}},{"type":"Feature","id":144,"geometry":{"type":"Polygon","coordinates":[[[77.655578088208358,20.795724163778441],[77.656168716056513,20.798468636602088],[77.655177585021704,20.798420994461331],[77.654725477280053,20.796457150553024],[77.654579386811477,20.795723864290004],[77.655578088208358,20.795724163778441]]]},"properties":{"FID":144,"Join_Count":0,"TARGET_FID":0,"Layer":"TEXT_PARCEL","Text":"89","vill_code":"533011","LGD_CODE":"533011"}},{"type":"Feature","id":145,"geometry":{"type":"Polygon","coordinates":[[[77.65478848876397,20.797438156347511],[77.655053536696769,20.798327765690971],[77.653591488741981,20.797324269572986],[77.653025463103035,20.797425896544354],[77.652053198403053,20.796375307152378],[77.651942903355319,20.796260591246369],[77.65174896381231,20.79594089784533],[77.652662956280423,20.795817858131979],[77.652869226164555,20.795790090018109],[77.654232178035656,20.79571541004842],[77.654384080950862,20.795718932997797],[77.654695257799261,20.796900473996285],[77.65478848876397,20.797438156347511]]]},"properties":{"FID":145,"Join_Count":0,"TARGET_FID":0,"Layer":"TEXT_PARCEL","Text":"90","vill_code":"533011","LGD_CODE":"533011"}},{"type":"Feature","id":146,"geometry":{"type":"Polygon","coordinates":[[[77.661767613100665,20.795996525255852],[77.661864888390184,20.797294309283426],[77.661724751518221,20.798033954423811],[77.660433995853211,20.79808682225978],[77.660452300577035,20.797330514478642],[77.660522098020436,20.796509682983299],[77.660454482119803,20.795580507139366],[77.660874763241793,20.795528794959559],[77.661551307835694,20.795405328079998],[77.661736710155893,20.795377315112539],[77.661767613100665,20.795996525255852]]]},"properties":{"FID":146,"Join_Count":0,"TARGET_FID":0,"Layer":"TEXT_PARCEL","Text":"73","vill_code":"533011","LGD_CODE":"533011"}},{"type":"Feature","id":147,"geometry":{"type":"Polygon","coordinates":[[[77.650771527378339,20.797472527195612],[77.650826206693679,20.797670934821042],[77.648930382791846,20.797967486268806],[77.64894555406768,20.79701801597248],[77.648955981168527,20.796365445899156],[77.648952202246065,20.796261824029102],[77.65057865181376,20.796087516907772],[77.650771527378339,20.797472527195612]]]},"properties":{"FID":147,"Join_Count":0,"TARGET_FID":0,"Layer":"TEXT_PARCEL","Text":"92","vill_code":"533011","LGD_CODE":"533011"}},{"type":"Feature","id":148,"geometry":{"type":"Polygon","coordinates":[[[77.659147798472532,20.833552435277625],[77.65778596212715,20.833706816202547],[77.657111529898486,20.833766745925232],[77.657066021085257,20.83378451902826],[77.656961648224296,20.833270285909013],[77.656967724866774,20.833104839924662],[77.656902391104552,20.832240359027644],[77.659147798472532,20.833552435277625]]]},"properties":{"FID":148,"Join_Count":0,"TARGET_FID":0,"Layer":"TEXT_PARCEL","Text":"17","vill_code":"533011","LGD_CODE":"533011"}},{"type":"Feature","id":149,"geometry":{"type":"Polygon","coordinates":[[[77.660230435595267,20.833393218241369],[77.660102241744639,20.833438315715817],[77.659147798472517,20.833552435277497],[77.656902391104552,20.832240359027562],[77.656888459476576,20.832136261490366],[77.657881459180317,20.831720370636408],[77.658299269243713,20.831613500116291],[77.658754118168687,20.831442764582253],[77.659310522059684,20.831210560491943],[77.659672161283609,20.831198079614218],[77.660230435595267,20.833393218241369]]]},"properties":{"FID":149,"Join_Count":0,"TARGET_FID":0,"Layer":"TEXT_PARCEL","Text":"16","vill_code":"533011","LGD_CODE":"533011"}},{"type":"Feature","id":150,"geometry":{"type":"Polygon","coordinates":[[[77.658104534846643,20.805728075017669],[77.658044907885653,20.805542564035818],[77.658033987959755,20.805414821123922],[77.658065328144744,20.805071153859501],[77.658102097925052,20.804957178218331],[77.658602620642512,20.804545717781192],[77.658711948656389,20.804360889448503],[77.65883022228229,20.804157985202892],[77.658933124757255,20.804012049256588],[77.659128612205393,20.803935331712069],[77.659163335530934,20.80389062499728],[77.659392799638397,20.803513577528118],[77.659783203566917,20.803937278103888],[77.659746120760758,20.804105872688584],[77.659741374002749,20.804234280379319],[77.659745285378165,20.804404298041277],[77.659786823692286,20.804508756946291],[77.658560773740419,20.805297106000069],[77.658535144345649,20.805351888597894],[77.658501768506483,20.805423613090003],[77.658573757562237,20.805473258322472],[77.658612813241461,20.805564220143307],[77.658563426041894,20.805735978795209],[77.658104534846643,20.805728075017669]]]},"properties":{"FID":150,"Join_Count":0,"TARGET_FID":0,"Layer":"TEXT_PARCEL","Text":"78","vill_code":"533011","LGD_CODE":"533011"}},{"type":"Feature","id":151,"geometry":{"type":"Polygon","coordinates":[[[77.65781923720408,20.806183094672349],[77.657911687596311,20.806684177983016],[77.657613149601616,20.806765503134272],[77.657500148613508,20.806138991465218],[77.657221750558847,20.806267482241989],[77.657056837018786,20.80619873137266],[77.657177111806959,20.806031851072305],[77.657284086802008,20.805972037389047],[77.657496687985599,20.80593969220029],[77.657772706397679,20.805931710321314],[77.65781923720408,20.806183094672349]]]},"properties":{"FID":151,"Join_Count":0,"TARGET_FID":0,"Layer":"TEXT_PARCEL","Text":"141","vill_code":"533011","LGD_CODE":"533011"}},{"type":"Feature","id":152,"geometry":{"type":"Polygon","coordinates":[[[77.658563426041894,20.805735978795209],[77.658545336988425,20.805798888849832],[77.658575304196177,20.805995200990083],[77.65781923720408,20.806183094672349],[77.657772706397679,20.805931710321314],[77.657985257000917,20.805889792970511],[77.658133763689989,20.805819011590081],[77.658104534846643,20.805728075017669],[77.658563426041894,20.805735978795209]]]},"properties":{"FID":152,"Join_Count":0,"TARGET_FID":0,"Layer":"TEXT_PARCEL","Text":"142","vill_code":"533011","LGD_CODE":"533011"}}]
}