{
  "type" : "FeatureCollection",
  "features" : [{"type":"Feature","id":0,"geometry":{"type":"Polygon","coordinates":[[[77.717065978570105,20.820029233122298],[77.716872560391508,20.820446061015165],[77.715865337780215,20.819449997612853],[77.714577773123565,20.818404132814631],[77.715118585708638,20.81824893982504],[77.71701767800333,20.818011012457131],[77.717968294157004,20.817856814135542],[77.717065978570105,20.820029233122298]]]},"properties":{"FID":0,"Join_Count":2,"TARGET_FID":1,"Layer":"TEXT_PARCEL","Text":"107","vill_code":"533016","LGD_CODE":"533016"}},{"type":"Feature","id":1,"geometry":{"type":"Polygon","coordinates":[[[77.716872560391508,20.820446061015165],[77.716712114866908,20.820882310090099],[77.714197099510699,20.820821513701887],[77.711918655306562,20.820325002498244],[77.711965149994469,20.819163442547065],[77.712004632346435,20.819079863523815],[77.712227106872774,20.818876794519909],[77.714577773123565,20.818404132814631],[77.715865337780215,20.819449997612853],[77.716872560391508,20.820446061015165]]]},"properties":{"FID":1,"Join_Count":2,"TARGET_FID":2,"Layer":"TEXT_PARCEL","Text":"108","vill_code":"533016","LGD_CODE":"533016"}},{"type":"Feature","id":2,"geometry":{"type":"Polygon","coordinates":[[[77.724077255229787,20.820854475307765],[77.72403463912319,20.821256456304081],[77.722560666862947,20.821226633169875],[77.721582503765646,20.818176863232178],[77.722975449561659,20.818831965194494],[77.724138653656667,20.819882594800639],[77.724077255229787,20.820854475307765]]]},"properties":{"FID":2,"Join_Count":2,"TARGET_FID":3,"Layer":"TEXT_PARCEL","Text":"89","vill_code":"533016","LGD_CODE":"533016"}},{"type":"Feature","id":3,"geometry":{"type":"Polygon","coordinates":[[[77.743072077285049,20.821547706723457],[77.741106328376716,20.822161019565293],[77.740748425294441,20.820992335257905],[77.740738598046178,20.820859043275689],[77.742694111270723,20.820442128241986],[77.743072077285049,20.821547706723457]]]},"properties":{"FID":3,"Join_Count":2,"TARGET_FID":4,"Layer":"TEXT_PARCEL","Text":"65","vill_code":"533016","LGD_CODE":"533016"}},{"type":"Feature","id":4,"geometry":{"type":"Polygon","coordinates":[[[77.716712114866908,20.820882310090099],[77.716520017780724,20.823282633523302],[77.714723451970798,20.822662934494744],[77.714150437622521,20.822780192176147],[77.714121574178733,20.822848280721317],[77.713809319907142,20.822861520219089],[77.711844141520103,20.822594611951459],[77.711918655306562,20.820325002498244],[77.714197099510699,20.820821513701887],[77.716712114866908,20.820882310090099]]]},"properties":{"FID":4,"Join_Count":2,"TARGET_FID":5,"Layer":"TEXT_PARCEL","Text":"109","vill_code":"533016","LGD_CODE":"533016"}},{"type":"Feature","id":5,"geometry":{"type":"Polygon","coordinates":[[[77.723066311779235,20.823375871978683],[77.721201438274448,20.823514086195203],[77.72144571412808,20.821637642084386],[77.721413289251444,20.821018120454038],[77.722199635923204,20.820496164033472],[77.723066311779235,20.823375871978683]]]},"properties":{"FID":5,"Join_Count":2,"TARGET_FID":6,"Layer":"TEXT_PARCEL","Text":"105","vill_code":"533016","LGD_CODE":"533016"}},{"type":"Feature","id":6,"geometry":{"type":"Polygon","coordinates":[[[77.737340905829029,20.822352396412317],[77.737239598346179,20.823274538169692],[77.73522669998205,20.823237500098443],[77.733905232644517,20.82282374924398],[77.734122923075603,20.821960620201555],[77.734216134228461,20.821419967221981],[77.734386428068092,20.820572969393275],[77.73585447994536,20.820848087613992],[77.736322375713044,20.820912671524376],[77.738728786964813,20.821009899928871],[77.740738598046178,20.820859043275689],[77.740748425294441,20.820992335257905],[77.741106328376716,20.822161019565293],[77.740786245006106,20.822275709199253],[77.740799974801391,20.823019287952818],[77.740504203194419,20.822893660284244],[77.739950230780536,20.822988617254392],[77.738563761337616,20.822522061808204],[77.737523235141481,20.822376297987912],[77.737340905829029,20.822352396412317]]]},"properties":{"FID":6,"Join_Count":2,"TARGET_FID":7,"Layer":"TEXT_PARCEL","Text":"66","vill_code":"533016","LGD_CODE":"533016"}},{"type":"Feature","id":7,"geometry":{"type":"Polygon","coordinates":[[[77.746020946766691,20.823291779241366],[77.744471194235359,20.823752165650607],[77.743750824415457,20.821384177228502],[77.743072077285049,20.821547706723457],[77.742694111270723,20.820442128241986],[77.744282236754245,20.820097697894056],[77.745392733310211,20.822278142913387],[77.746020946766691,20.823291779241366]]]},"properties":{"FID":7,"Join_Count":2,"TARGET_FID":8,"Layer":"TEXT_PARCEL","Text":"63","vill_code":"533016","LGD_CODE":"533016"}},{"type":"Feature","id":8,"geometry":{"type":"Polygon","coordinates":[[[77.729154901077834,20.823943716415812],[77.728104779600713,20.824017309870438],[77.728042551963867,20.823190603608314],[77.728051189420768,20.821736738968507],[77.72815370489873,20.821735147027312],[77.730872625794788,20.821823928616244],[77.730864546342488,20.822283761013441],[77.730063741886511,20.822359126221549],[77.729735852221793,20.822709040693521],[77.729627502972079,20.823907558704999],[77.729154901077834,20.823943716415812]]]},"properties":{"FID":8,"Join_Count":2,"TARGET_FID":9,"Layer":"TEXT_PARCEL","Text":"84","vill_code":"533016","LGD_CODE":"533016"}},{"type":"Feature","id":9,"geometry":{"type":"Polygon","coordinates":[[[77.719226775439338,20.820535098472469],[77.718518640390542,20.824268270822529],[77.718383389968892,20.823639790362588],[77.717865952194231,20.823016153267407],[77.717218313322192,20.822979005113755],[77.716862347318951,20.823776360661356],[77.716710888094212,20.823788287580953],[77.716520017780724,20.823282633523302],[77.716712114866908,20.820882310090099],[77.716872560391508,20.820446061015165],[77.717065978570105,20.820029233122298],[77.719226775439338,20.820535098472469]]]},"properties":{"FID":9,"Join_Count":2,"TARGET_FID":10,"Layer":"TEXT_PARCEL","Text":"110","vill_code":"533016","LGD_CODE":"533016"}},{"type":"Feature","id":10,"geometry":{"type":"Polygon","coordinates":[[[77.725525803599353,20.824088377746865],[77.725292597496491,20.824257613900514],[77.725264267686129,20.822539278655015],[77.722990129134232,20.822785671673909],[77.722560666862947,20.821226633169875],[77.72403463912319,20.821256456304081],[77.724077255229787,20.820854475307765],[77.726342955489358,20.820886057826346],[77.726467049261402,20.822368370910553],[77.726525393899379,20.822896444419197],[77.725589267377003,20.823864723033303],[77.725525803599353,20.824088377746865]]]},"properties":{"FID":10,"Join_Count":2,"TARGET_FID":11,"Layer":"TEXT_PARCEL","Text":"90","vill_code":"533016","LGD_CODE":"533016"}},{"type":"Feature","id":11,"geometry":{"type":"Polygon","coordinates":[[[77.730560213440668,20.824291979631315],[77.730455737743853,20.82436600360893],[77.729627502972079,20.823907558704999],[77.729735852221793,20.822709040693521],[77.730063741886511,20.822359126221549],[77.730864546342488,20.822283761013441],[77.730872625794788,20.821823928616244],[77.730867965650418,20.821272602500791],[77.73146236825751,20.819603688145737],[77.731736286264891,20.819671362385975],[77.734111912379447,20.820578537037363],[77.733826726473993,20.821943371166867],[77.732384471610672,20.822022392872125],[77.731492612448207,20.823492016404927],[77.730560213440668,20.824291979631315]]]},"properties":{"FID":11,"Join_Count":2,"TARGET_FID":12,"Layer":"TEXT_PARCEL","Text":"67","vill_code":"533016","LGD_CODE":"533016"}},{"type":"Feature","id":12,"geometry":{"type":"Polygon","coordinates":[[[77.744471194235359,20.823752165650607],[77.742176415734775,20.824806061833492],[77.741694993722248,20.823353016578253],[77.740799974801391,20.823019287952818],[77.740786245006106,20.822275709199253],[77.741106328376716,20.822161019565293],[77.743072077285049,20.821547706723457],[77.743750824415457,20.821384177228502],[77.744471194235359,20.823752165650607]]]},"properties":{"FID":12,"Join_Count":2,"TARGET_FID":13,"Layer":"TEXT_PARCEL","Text":"64","vill_code":"533016","LGD_CODE":"533016"}},{"type":"Feature","id":13,"geometry":{"type":"Polygon","coordinates":[[[77.714073503598442,20.824974915011648],[77.713951454310219,20.825711411079077],[77.71180275589299,20.824979904308208],[77.711844141520103,20.822594611951459],[77.713809319907142,20.822861520219089],[77.714121574178733,20.822848280721317],[77.714073503598442,20.824974915011648]]]},"properties":{"FID":13,"Join_Count":2,"TARGET_FID":14,"Layer":"TEXT_PARCEL","Text":"113","vill_code":"533016","LGD_CODE":"533016"}},{"type":"Feature","id":14,"geometry":{"type":"Polygon","coordinates":[[[77.735132485371636,20.82522403887025],[77.733284476602407,20.825454169168349],[77.733905232644517,20.82282374924398],[77.73522669998205,20.823237500098443],[77.737239598346179,20.823274538169692],[77.737060390559407,20.824956792602219],[77.735132485371636,20.82522403887025]]]},"properties":{"FID":14,"Join_Count":2,"TARGET_FID":15,"Layer":"TEXT_PARCEL","Text":"59","vill_code":"533016","LGD_CODE":"533016"}},{"type":"Feature","id":15,"geometry":{"type":"Polygon","coordinates":[[[77.721696541003212,20.824909391630396],[77.722151029457393,20.825994268410113],[77.720307909213545,20.82529749904581],[77.720094147449743,20.825144995288067],[77.718704462556573,20.824346122949891],[77.718518640390542,20.824268270822529],[77.719226775439338,20.820535098472469],[77.721413289251444,20.821018120454038],[77.72144571412808,20.821637642084386],[77.721201438274448,20.823514086195203],[77.721145663931196,20.82410217706089],[77.721696541003212,20.824909391630396]]]},"properties":{"FID":15,"Join_Count":2,"TARGET_FID":16,"Layer":"TEXT_PARCEL","Text":"104","vill_code":"533016","LGD_CODE":"533016"}},{"type":"Feature","id":16,"geometry":{"type":"Polygon","coordinates":[[[77.716870692225243,20.825794989318716],[77.716696998467327,20.826095774960798],[77.716003598242423,20.825807238627682],[77.715367173086932,20.825689000501949],[77.714492070875053,20.825029812208115],[77.714073503598442,20.824974915011648],[77.714121574178733,20.822848280721317],[77.714150437622521,20.822780192176147],[77.714723451970798,20.822662934494744],[77.716520017780724,20.823282633523302],[77.716710888094212,20.823788287580953],[77.716712957396894,20.82479646942156],[77.716513396649873,20.825517451798824],[77.716870692225243,20.825794989318716]]]},"properties":{"FID":16,"Join_Count":2,"TARGET_FID":17,"Layer":"TEXT_PARCEL","Text":"112","vill_code":"533016","LGD_CODE":"533016"}},{"type":"Feature","id":17,"geometry":{"type":"Polygon","coordinates":[[[77.741172181497618,20.82527718612419],[77.740009910746465,20.825781053835815],[77.739968387871301,20.825735725519884],[77.737259884725589,20.824992005606557],[77.737379101733936,20.823278834418595],[77.737523235141481,20.822376297987912],[77.738563761337616,20.822522061808204],[77.739950230780536,20.822988617254392],[77.740504203194419,20.822893660284244],[77.740799974801391,20.823019287952818],[77.741694993722248,20.823353016578253],[77.742176415734775,20.824806061833492],[77.741172181497618,20.82527718612419]]]},"properties":{"FID":17,"Join_Count":2,"TARGET_FID":18,"Layer":"TEXT_PARCEL","Text":"60","vill_code":"533016","LGD_CODE":"533016"}},{"type":"Feature","id":18,"geometry":{"type":"Polygon","coordinates":[[[77.729154901077834,20.823943716415812],[77.728866023272573,20.825961162935275],[77.728707662678929,20.825960365347829],[77.727835040978761,20.825951077236915],[77.728022601264541,20.824819484329986],[77.728104779600713,20.824017309870438],[77.729154901077834,20.823943716415812]]]},"properties":{"FID":18,"Join_Count":2,"TARGET_FID":19,"Layer":"TEXT_PARCEL","Text":"83","vill_code":"533016","LGD_CODE":"533016"}},{"type":"Feature","id":19,"geometry":{"type":"Polygon","coordinates":[[[77.725024753506062,20.826128859051458],[77.724166362374717,20.826212173170017],[77.723487702876724,20.824403165797037],[77.722990129134232,20.822785671673909],[77.725264267686129,20.822539278655015],[77.725292597496491,20.824257613900514],[77.724895550475338,20.825406421085837],[77.72508766159477,20.825820326106406],[77.725024753506062,20.826128859051458]]]},"properties":{"FID":19,"Join_Count":2,"TARGET_FID":20,"Layer":"TEXT_PARCEL","Text":"92","vill_code":"533016","LGD_CODE":"533016"}},{"type":"Feature","id":20,"geometry":{"type":"Polygon","coordinates":[[[77.727923317077554,20.824748230201013],[77.727673492508615,20.826408022338516],[77.725024753506062,20.826128859051458],[77.72508766159477,20.825820326106406],[77.724895550475338,20.825406421085837],[77.725292597496491,20.824257613900514],[77.725525803599353,20.824088377746865],[77.725589267377003,20.823864723033303],[77.726525393899379,20.822896444419197],[77.726467049261402,20.822368370910553],[77.726629563781287,20.822344136589464],[77.727950669008379,20.821769709761856],[77.7279256946494,20.823188385685956],[77.727966109574524,20.823966225282767],[77.727923317077554,20.824748230201013]]]},"properties":{"FID":20,"Join_Count":2,"TARGET_FID":21,"Layer":"TEXT_PARCEL","Text":"91","vill_code":"533016","LGD_CODE":"533016"}},{"type":"Feature","id":21,"geometry":{"type":"Polygon","coordinates":[[[77.727835040978761,20.825951077236915],[77.727781760698747,20.826412047193887],[77.727673492508615,20.826408022338516],[77.727923317077554,20.824748230201013],[77.727966109574524,20.823966225282767],[77.7279256946494,20.823188385685956],[77.727950669008379,20.821769709761856],[77.727989195808746,20.819613391695995],[77.728099345483272,20.819622188917439],[77.728051189420768,20.821736738968507],[77.728042551963867,20.823190603608314],[77.728104779600713,20.824017309870438],[77.728022601264541,20.824819484329986],[77.727835040978761,20.825951077236915]]]},"properties":{"FID":21,"Join_Count":1,"TARGET_FID":22,"Layer":"POLY_PARCEL","Text":"छन\u094Dस\u094Dस\u094D","vill_code":"533016","LGD_CODE":"533016"}},{"type":"Feature","id":22,"geometry":{"type":"Polygon","coordinates":[[[77.733826726473993,20.821943371166867],[77.731251840054057,20.82639375154309],[77.730125123543175,20.826264465413736],[77.730455737743853,20.82436600360893],[77.730560213440668,20.824291979631315],[77.731492612448207,20.823492016404927],[77.732384471610672,20.822022392872125],[77.733826726473993,20.821943371166867]]]},"properties":{"FID":22,"Join_Count":2,"TARGET_FID":23,"Layer":"TEXT_PARCEL","Text":"68","vill_code":"533016","LGD_CODE":"533016"}},{"type":"Feature","id":23,"geometry":{"type":"Polygon","coordinates":[[[77.733035292653639,20.82559126114505],[77.731251840054057,20.82639375154309],[77.733826726473993,20.821943371166867],[77.733035292653639,20.82559126114505]]]},"properties":{"FID":23,"Join_Count":2,"TARGET_FID":24,"Layer":"TEXT_PARCEL","Text":"69","vill_code":"533016","LGD_CODE":"533016"}},{"type":"Feature","id":24,"geometry":{"type":"Polygon","coordinates":[[[77.723969622871564,20.826216607642696],[77.724149552603734,20.826782438284237],[77.722963735276053,20.826308425929462],[77.722151029457393,20.825994268410113],[77.721696541003212,20.824909391630396],[77.721145663931196,20.82410217706089],[77.721201438274448,20.823514086195203],[77.723066311779235,20.823375871978683],[77.723969622871564,20.826216607642696]]]},"properties":{"FID":24,"Join_Count":2,"TARGET_FID":25,"Layer":"TEXT_PARCEL","Text":"93","vill_code":"533016","LGD_CODE":"533016"}},{"type":"Feature","id":25,"geometry":{"type":"Polygon","coordinates":[[[77.715803078779956,20.8269877286114],[77.715594808322464,20.827199365635408],[77.715152219472742,20.826828586535207],[77.714748347187964,20.82632851974207],[77.713951454310219,20.825711411079077],[77.714073503598442,20.824974915011648],[77.714492070875053,20.825029812208115],[77.715367173086932,20.825689000501949],[77.716003598242423,20.825807238627682],[77.716696998467327,20.826095774960798],[77.716382093706798,20.826384059737304],[77.716177155664695,20.827053724311405],[77.715803078779956,20.8269877286114]]]},"properties":{"FID":25,"Join_Count":2,"TARGET_FID":26,"Layer":"TEXT_PARCEL","Text":"115","vill_code":"533016","LGD_CODE":"533016"}},{"type":"Feature","id":26,"geometry":{"type":"Polygon","coordinates":[[[77.727894478248942,20.827334161937863],[77.727766875629797,20.827402801100575],[77.727781760698747,20.826412047193887],[77.727835040978761,20.825951077236915],[77.728707662678929,20.825960365347829],[77.728570876286113,20.826957176783562],[77.727894478248942,20.827334161937863]]]},"properties":{"FID":26,"Join_Count":2,"TARGET_FID":27,"Layer":"TEXT_PARCEL","Text":"81","vill_code":"533016","LGD_CODE":"533016"}},{"type":"Feature","id":27,"geometry":{"type":"Polygon","coordinates":[[[77.739073108474841,20.827077710684623],[77.737360412991521,20.827284569779753],[77.737273929152195,20.825621484207694],[77.737259884725589,20.824992005606557],[77.739968387871301,20.825735725519884],[77.740009910746465,20.825781053835815],[77.740364667570148,20.826787814773915],[77.739073108474841,20.827077710684623]]]},"properties":{"FID":27,"Join_Count":2,"TARGET_FID":28,"Layer":"TEXT_PARCEL","Text":"61","vill_code":"533016","LGD_CODE":"533016"}},{"type":"Feature","id":28,"geometry":{"type":"Polygon","coordinates":[[[77.71674481576332,20.827887678840611],[77.71608788957262,20.827953759611987],[77.716177155664695,20.827053724311405],[77.716382093706798,20.826384059737304],[77.716696998467327,20.826095774960798],[77.716870692225243,20.825794989318716],[77.716513396649873,20.825517451798824],[77.716712957396894,20.82479646942156],[77.716710888094212,20.823788287580953],[77.716862347318951,20.823776360661356],[77.717218313322192,20.822979005113755],[77.717865952194231,20.823016153267407],[77.718383389968892,20.823639790362588],[77.718518640390542,20.824268270822529],[77.717937429355445,20.826389804574195],[77.717713207383085,20.82661131108085],[77.71674481576332,20.827887678840611]]]},"properties":{"FID":28,"Join_Count":2,"TARGET_FID":29,"Layer":"TEXT_PARCEL","Text":"111","vill_code":"533016","LGD_CODE":"533016"}},{"type":"Feature","id":29,"geometry":{"type":"Polygon","coordinates":[[[77.744273008671485,20.82718288983051],[77.744575747566913,20.82763456573629],[77.744479625482086,20.827618774052667],[77.744025728618197,20.827362376758899],[77.743810903243485,20.827268647899107],[77.742797592555192,20.827125693336203],[77.742005821488888,20.826414448896955],[77.741875986271083,20.826267844442167],[77.740983771800785,20.826611399070625],[77.740364667570148,20.826787814773915],[77.740009910746465,20.825781053835815],[77.741172181497618,20.82527718612419],[77.742176415734775,20.824806061833492],[77.744471194235359,20.823752165650607],[77.746020946766691,20.823291779241366],[77.746739444854583,20.824510627849076],[77.746764100259881,20.824562504743316],[77.744798173676415,20.825405899423902],[77.743366242349609,20.825929257363114],[77.744273008671485,20.82718288983051]]]},"properties":{"FID":29,"Join_Count":3,"TARGET_FID":30,"Layer":"TEXT_PARCEL","Text":"62","vill_code":"533016","LGD_CODE":"533016"}},{"type":"Feature","id":30,"geometry":{"type":"Polygon","coordinates":[[[77.713499391921445,20.827980278334355],[77.711762213437154,20.828161413240114],[77.711780312054941,20.826541086571531],[77.711781027252385,20.826431547579269],[77.71180275589299,20.824979904308208],[77.713951454310219,20.825711411079077],[77.714748347187964,20.82632851974207],[77.715152219472742,20.826828586535207],[77.714888711852652,20.826905125548599],[77.713117280459457,20.826783858847818],[77.713156614747788,20.827218957179205],[77.713499391921445,20.827980278334355]]]},"properties":{"FID":30,"Join_Count":2,"TARGET_FID":31,"Layer":"TEXT_PARCEL","Text":"114","vill_code":"533016","LGD_CODE":"533016"}},{"type":"Feature","id":31,"geometry":{"type":"Polygon","coordinates":[[[77.717976066340597,20.828063839535361],[77.717599161144591,20.828077641655472],[77.71674481576332,20.827887678840611],[77.717713207383085,20.82661131108085],[77.717937429355445,20.826389804574195],[77.718518640390542,20.824268270822529],[77.718704462556573,20.824346122949891],[77.720094147449743,20.825144995288067],[77.720307909213545,20.82529749904581],[77.719790152541762,20.825456744479265],[77.719913792326111,20.825964124687498],[77.719937262712577,20.826177466047746],[77.719247124321825,20.827080368487358],[77.718218054978252,20.827916611631231],[77.717976066340597,20.828063839535361]]]},"properties":{"FID":31,"Join_Count":2,"TARGET_FID":32,"Layer":"TEXT_PARCEL","Text":"103","vill_code":"533016","LGD_CODE":"533016"}},{"type":"Feature","id":32,"geometry":{"type":"Polygon","coordinates":[[[77.733739277711479,20.827696348076223],[77.732756400813216,20.828086275608864],[77.733284476602407,20.825454169168349],[77.735132485371636,20.82522403887025],[77.735114207235767,20.826346722762732],[77.734613112588022,20.826956817392801],[77.734073339965008,20.827126397583772],[77.733739277711479,20.827696348076223]]]},"properties":{"FID":32,"Join_Count":2,"TARGET_FID":33,"Layer":"TEXT_PARCEL","Text":"58","vill_code":"533016","LGD_CODE":"533016"}},{"type":"Feature","id":33,"geometry":{"type":"Polygon","coordinates":[[[77.733035292653639,20.82559126114505],[77.732460610837805,20.828240019246699],[77.730356221494034,20.828243442516403],[77.731251840054057,20.82639375154309],[77.733035292653639,20.82559126114505]]]},"properties":{"FID":33,"Join_Count":2,"TARGET_FID":34,"Layer":"TEXT_PARCEL","Text":"70","vill_code":"533016","LGD_CODE":"533016"}},{"type":"Feature","id":34,"geometry":{"type":"Polygon","coordinates":[[[77.71608788957262,20.827953759611987],[77.716223212142467,20.828504613912632],[77.715319737607928,20.828500626789001],[77.713624008363922,20.828480068313876],[77.713499391921445,20.827980278334355],[77.713156614747788,20.827218957179205],[77.713117280459457,20.826783858847818],[77.714888711852652,20.826905125548599],[77.715152219472742,20.826828586535207],[77.715594808322464,20.827199365635408],[77.715803078779956,20.8269877286114],[77.716177155664695,20.827053724311405],[77.71608788957262,20.827953759611987]]]},"properties":{"FID":34,"Join_Count":2,"TARGET_FID":35,"Layer":"TEXT_PARCEL","Text":"116","vill_code":"533016","LGD_CODE":"533016"}},{"type":"Feature","id":35,"geometry":{"type":"Polygon","coordinates":[[[77.721384564084175,20.828143866515234],[77.721370323177425,20.82852767427719],[77.720227052180064,20.828483579614936],[77.719247124321825,20.827080368487358],[77.719937262712577,20.826177466047746],[77.719913792326111,20.825964124687498],[77.719790152541762,20.825456744479265],[77.720307909213545,20.82529749904581],[77.722151029457393,20.825994268410113],[77.722963735276053,20.826308425929462],[77.723100764443174,20.827835161253876],[77.722083374951936,20.827979455715866],[77.721384564084175,20.828143866515234]]]},"properties":{"FID":35,"Join_Count":2,"TARGET_FID":36,"Layer":"TEXT_PARCEL","Text":"102","vill_code":"533016","LGD_CODE":"533016"}},{"type":"Feature","id":36,"geometry":{"type":"Polygon","coordinates":[[[77.727583027940952,20.828199755912173],[77.726750376377964,20.828739215108346],[77.72514075068311,20.828705117716691],[77.724166362374717,20.826212173170017],[77.725024753506062,20.826128859051458],[77.727673492508615,20.826408022338516],[77.727781760698747,20.826412047193887],[77.727766875629797,20.827402801100575],[77.727894478248942,20.827334161937863],[77.7277801467052,20.82809917496359],[77.727583027940952,20.828199755912173]]]},"properties":{"FID":36,"Join_Count":2,"TARGET_FID":37,"Layer":"TEXT_PARCEL","Text":"80","vill_code":"533016","LGD_CODE":"533016"}},{"type":"Feature","id":37,"geometry":{"type":"Polygon","coordinates":[[[77.737381611111871,20.828192617892732],[77.73567561028355,20.828624873324266],[77.734613112588022,20.826956817392801],[77.735114207235767,20.826346722762732],[77.735132485371636,20.82522403887025],[77.737060390559407,20.824956792602219],[77.737210571968561,20.827244241007271],[77.737381611111871,20.828192617892732]]]},"properties":{"FID":37,"Join_Count":2,"TARGET_FID":38,"Layer":"TEXT_PARCEL","Text":"56","vill_code":"533016","LGD_CODE":"533016"}},{"type":"Feature","id":38,"geometry":{"type":"Polygon","coordinates":[[[77.747788556993982,20.826739265361141],[77.748373264177502,20.828448234258872],[77.744628070231073,20.827989081524304],[77.744645856816049,20.827762104345151],[77.744575747566913,20.82763456573629],[77.744273008671485,20.82718288983051],[77.743366242349609,20.825929257363114],[77.744798173676415,20.825405899423902],[77.746764100259881,20.824562504743316],[77.746792117104803,20.824621451741951],[77.747788556993982,20.826739265361141]]]},"properties":{"FID":38,"Join_Count":2,"TARGET_FID":39,"Layer":"TEXT_PARCEL","Text":"52","vill_code":"533016","LGD_CODE":"533016"}},{"type":"Feature","id":39,"geometry":{"type":"Polygon","coordinates":[[[77.743810903243485,20.827268647899107],[77.740729525348925,20.828710663904346],[77.740583185254266,20.828605088886842],[77.739073108474841,20.827077710684623],[77.740364667570148,20.826787814773915],[77.740983771800785,20.826611399070625],[77.741875986271083,20.826267844442167],[77.742005821488888,20.826414448896955],[77.742797592555192,20.827125693336203],[77.743810903243485,20.827268647899107]]]},"properties":{"FID":39,"Join_Count":2,"TARGET_FID":40,"Layer":"TEXT_PARCEL","Text":"54","vill_code":"533016","LGD_CODE":"533016"}},{"type":"Feature","id":40,"geometry":{"type":"Polygon","coordinates":[[[77.730110822220553,20.828886726661903],[77.729541502583345,20.828978864615465],[77.7293300258589,20.828288801322419],[77.727722831837966,20.828586506296887],[77.7277801467052,20.82809917496359],[77.727894478248942,20.827334161937863],[77.728570876286113,20.826957176783562],[77.728707662678929,20.825960365347829],[77.728866023272573,20.825961162935275],[77.729154901077834,20.823943716415812],[77.729627502972079,20.823907558704999],[77.730455737743853,20.82436600360893],[77.730125123543175,20.826264465413736],[77.731251840054057,20.82639375154309],[77.730356221494034,20.828243442516403],[77.730110822220553,20.828886726661903]]]},"properties":{"FID":40,"Join_Count":2,"TARGET_FID":41,"Layer":"TEXT_PARCEL","Text":"82","vill_code":"533016","LGD_CODE":"533016"}},{"type":"Feature","id":41,"geometry":{"type":"Polygon","coordinates":[[[77.735513847543572,20.828717567416742],[77.733878290299444,20.829394646632188],[77.733247203095928,20.829353788809144],[77.732492862857583,20.829316583482456],[77.732756400813216,20.828086275608864],[77.733739277711479,20.827696348076223],[77.734073339965008,20.827126397583772],[77.734613112588022,20.826956817392801],[77.73567561028355,20.828624873324266],[77.735513847543572,20.828717567416742]]]},"properties":{"FID":41,"Join_Count":2,"TARGET_FID":42,"Layer":"TEXT_PARCEL","Text":"57","vill_code":"533016","LGD_CODE":"533016"}},{"type":"Feature","id":42,"geometry":{"type":"Polygon","coordinates":[[[77.715319737607928,20.828500626789001],[77.71248538992775,20.8300296897871],[77.711888881962821,20.828647938948503],[77.711762213437154,20.828161413240114],[77.713499391921445,20.827980278334355],[77.713624008363922,20.828480068313876],[77.715319737607928,20.828500626789001]]]},"properties":{"FID":42,"Join_Count":2,"TARGET_FID":43,"Layer":"TEXT_PARCEL","Text":"117","vill_code":"533016","LGD_CODE":"533016"}},{"type":"Feature","id":43,"geometry":{"type":"Polygon","coordinates":[[[77.723344127992561,20.828073658822742],[77.723839096464957,20.829968523626203],[77.722919237568604,20.829846513350919],[77.722229157887938,20.829581381323251],[77.721364025406672,20.829212772840567],[77.721370323177425,20.82852767427719],[77.721384564084175,20.828143866515234],[77.722083374951936,20.827979455715866],[77.723100764443174,20.827835161253876],[77.723344127992561,20.828073658822742]]]},"properties":{"FID":43,"Join_Count":2,"TARGET_FID":44,"Layer":"TEXT_PARCEL","Text":"101","vill_code":"533016","LGD_CODE":"533016"}},{"type":"Feature","id":44,"geometry":{"type":"Polygon","coordinates":[[[77.718380300727944,20.829870011112721],[77.717266894339815,20.830172835324198],[77.717487153568612,20.828282866411161],[77.717599161144591,20.828077641655472],[77.717976066340597,20.828063839535361],[77.718218054978252,20.827916611631231],[77.719247124321825,20.827080368487358],[77.720227052180064,20.828483579614936],[77.721370323177425,20.82852767427719],[77.721364025406672,20.829212772840567],[77.722229157887938,20.829581381323251],[77.722070056648036,20.829816842223156],[77.721974135917719,20.829993354267973],[77.72079917893592,20.829721316669715],[77.719942640400149,20.829626723624632],[77.719936101735257,20.829405098260164],[77.719150298500722,20.829428113458693],[77.718380300727944,20.829870011112721]]]},"properties":{"FID":44,"Join_Count":4,"TARGET_FID":45,"Layer":"TEXT_PARCEL","Text":"100","vill_code":"533016","LGD_CODE":"533016"}},{"type":"Feature","id":45,"geometry":{"type":"Polygon","coordinates":[[[77.725027015845299,20.828806186474168],[77.725464064764921,20.830048051306377],[77.72511595969128,20.829972375619679],[77.724181671108155,20.830013961693613],[77.723839096464957,20.829968523626203],[77.723344127992561,20.828073658822742],[77.723100764443174,20.827835161253876],[77.722963735276053,20.826308425929462],[77.724149552603734,20.826782438284237],[77.725027015845299,20.828806186474168]]]},"properties":{"FID":45,"Join_Count":2,"TARGET_FID":46,"Layer":"TEXT_PARCEL","Text":"94","vill_code":"533016","LGD_CODE":"533016"}},{"type":"Feature","id":46,"geometry":{"type":"Polygon","coordinates":[[[77.732300640318101,20.828834212874998],[77.730732651853316,20.829238679364607],[77.729898643946512,20.829586538756761],[77.729749718497658,20.829928460123707],[77.72990003096038,20.831369014279293],[77.729740734389111,20.831326959270033],[77.729572455983146,20.830043844530454],[77.729517443775364,20.829113718285953],[77.729541502583459,20.828978864615518],[77.730110822220581,20.828886726661889],[77.730356221494105,20.828243442516456],[77.732460610837791,20.828240019246778],[77.732300640318101,20.828834212874998]]]},"properties":{"FID":46,"Join_Count":2,"TARGET_FID":47,"Layer":"TEXT_PARCEL","Text":"71","vill_code":"533016","LGD_CODE":"533016"}},{"type":"Feature","id":47,"geometry":{"type":"Polygon","coordinates":[[[77.717258264785556,20.830227543126572],[77.71598760664871,20.830382327429493],[77.71423022738405,20.830283635139278],[77.712660829313222,20.830432142266645],[77.71248538992775,20.8300296897871],[77.715319737607928,20.828500626789001],[77.716223212142467,20.828504613912632],[77.71608788957262,20.827953759611987],[77.71674481576332,20.827887678840611],[77.717599161144591,20.828077641655472],[77.717487153568612,20.828282866411161],[77.717266894339815,20.830172835324198],[77.717258264785556,20.830227543126572]]]},"properties":{"FID":47,"Join_Count":2,"TARGET_FID":48,"Layer":"TEXT_PARCEL","Text":"118","vill_code":"533016","LGD_CODE":"533016"}},{"type":"Feature","id":48,"geometry":{"type":"Polygon","coordinates":[[[77.727399498475876,20.830143834303946],[77.726903958802481,20.830223126455621],[77.726935056578242,20.83008941756135],[77.726825630598469,20.829083075835506],[77.726750376377964,20.828739215108346],[77.727583027940952,20.828199755912173],[77.7277801467052,20.82809917496359],[77.727722831837966,20.828586506296887],[77.727563064254127,20.829853752838464],[77.727399498475876,20.830143834303946]]]},"properties":{"FID":48,"Join_Count":2,"TARGET_FID":49,"Layer":"TEXT_PARCEL","Text":"79","vill_code":"533016","LGD_CODE":"533016"}},{"type":"Feature","id":49,"geometry":{"type":"Polygon","coordinates":[[[77.743828804417362,20.828799627550765],[77.743800999594228,20.829999431609156],[77.743302821835869,20.829942079495414],[77.741420646196573,20.829978818520374],[77.741409594608655,20.829311131799084],[77.740969981646174,20.82923949071283],[77.740729525348925,20.828710663904346],[77.743810903243485,20.827268647899107],[77.744025728618197,20.827362376758899],[77.744479625482086,20.827618774052667],[77.744575747566913,20.82763456573629],[77.744645856816049,20.827762104345151],[77.744628070231073,20.827989081524304],[77.743828804417362,20.828799627550765]]]},"properties":{"FID":49,"Join_Count":2,"TARGET_FID":50,"Layer":"TEXT_PARCEL","Text":"53","vill_code":"533016","LGD_CODE":"533016"}},{"type":"Feature","id":50,"geometry":{"type":"Polygon","coordinates":[[[77.726903958802481,20.830223126455621],[77.725949371543507,20.830306468430202],[77.725526545084605,20.829846012872888],[77.725232306814505,20.828939355873047],[77.72514075068311,20.828705117716691],[77.726750376377964,20.828739215108346],[77.726825630598469,20.829083075835506],[77.726935056578242,20.83008941756135],[77.726903958802481,20.830223126455621]]]},"properties":{"FID":50,"Join_Count":2,"TARGET_FID":51,"Layer":"TEXT_PARCEL","Text":"78","vill_code":"533016","LGD_CODE":"533016"}},{"type":"Feature","id":51,"geometry":{"type":"Polygon","coordinates":[[[77.741420646196573,20.829978818520374],[77.739430402719805,20.830494905171058],[77.737820760901741,20.829904815811538],[77.737705475965555,20.829799821532454],[77.737765306868468,20.82945037785969],[77.737654363354437,20.828619582513987],[77.737360412991521,20.827284569779753],[77.739073108474841,20.827077710684623],[77.740583185254266,20.828605088886842],[77.740729525348925,20.828710663904346],[77.740969981646174,20.82923949071283],[77.741409594608655,20.829311131799084],[77.741420646196573,20.829978818520374]]]},"properties":{"FID":51,"Join_Count":2,"TARGET_FID":52,"Layer":"TEXT_PARCEL","Text":"55","vill_code":"533016","LGD_CODE":"533016"}},{"type":"Feature","id":52,"geometry":{"type":"Polygon","coordinates":[[[77.749106528963068,20.830150272885295],[77.749192652211292,20.83034453624288],[77.748380110680003,20.830105147376955],[77.74672834061235,20.8301890098382],[77.746432206518193,20.830175470395528],[77.744405616294088,20.830106877568539],[77.743905179924539,20.830049387417766],[77.743800999594228,20.829999431609156],[77.743828804417362,20.828799627550765],[77.744628070231073,20.827989081524304],[77.748373264177502,20.828448234258872],[77.749106528963068,20.830150272885295]]]},"properties":{"FID":52,"Join_Count":2,"TARGET_FID":53,"Layer":"TEXT_PARCEL","Text":"51","vill_code":"533016","LGD_CODE":"533016"}},{"type":"Feature","id":53,"geometry":{"type":"Polygon","coordinates":[[[77.726166493099925,20.830862637492775],[77.725038529119374,20.830897975847346],[77.72500425256122,20.830779106936966],[77.723701780259546,20.83072474239335],[77.72366176671251,20.830057459939496],[77.724091392017883,20.830122402999759],[77.725124130854397,20.830102203004682],[77.725649201051993,20.830229897275697],[77.726211546324166,20.830667915545021],[77.726166493099925,20.830862637492775]]]},"properties":{"FID":53,"Join_Count":2,"TARGET_FID":54,"Layer":"TEXT_PARCEL","Text":"95","vill_code":"533016","LGD_CODE":"533016"}},{"type":"Feature","id":54,"geometry":{"type":"Polygon","coordinates":[[[77.726915380149336,20.830714767460588],[77.726272579540989,20.83089159462871],[77.726310477237206,20.830672390329809],[77.725949371543507,20.830306468430202],[77.726903958802481,20.830223126455621],[77.727399498475876,20.830143834303946],[77.72750887616472,20.830577896350171],[77.726915380149336,20.830714767460588]]]},"properties":{"FID":54,"Join_Count":2,"TARGET_FID":55,"Layer":"TEXT_PARCEL","Text":"77","vill_code":"533016","LGD_CODE":"533016"}},{"type":"Feature","id":55,"geometry":{"type":"Polygon","coordinates":[[[77.71993047139928,20.830125272014953],[77.72025263583842,20.831073838446894],[77.719538421205385,20.83087363499369],[77.719353093375105,20.830840730757863],[77.717459617330505,20.830853377972627],[77.717258264785556,20.830227543126572],[77.717266894339815,20.830172835324198],[77.718380300727944,20.829870011112721],[77.719150298500722,20.829428113458693],[77.719936101735257,20.829405098260164],[77.719942640400149,20.829626723624632],[77.71993047139928,20.830125272014953]]]},"properties":{"FID":55,"Join_Count":2,"TARGET_FID":56,"Layer":"TEXT_PARCEL","Text":"99","vill_code":"533016","LGD_CODE":"533016"}},{"type":"Feature","id":56,"geometry":{"type":"Polygon","coordinates":[[[77.732798512361583,20.830654537857384],[77.732492343019686,20.830991920297095],[77.732144910183877,20.830940952360052],[77.732492862857583,20.829316583482456],[77.733247203095928,20.829353788809144],[77.73319737056903,20.829536661902122],[77.732968760959608,20.829905686497082],[77.732798512361583,20.830654537857384]]]},"properties":{"FID":56,"Join_Count":2,"TARGET_FID":57,"Layer":"TEXT_PARCEL","Text":"20","vill_code":"533016","LGD_CODE":"533016"}},{"type":"Feature","id":57,"geometry":{"type":"Polygon","coordinates":[[[77.736094742130859,20.831137364490921],[77.735395352022806,20.831198338421949],[77.735321088699081,20.830659436645462],[77.736170516694784,20.830408144743142],[77.737581562491698,20.829843466958994],[77.737550699001332,20.830953215225083],[77.736094742130859,20.831137364490921]]]},"properties":{"FID":57,"Join_Count":2,"TARGET_FID":58,"Layer":"TEXT_PARCEL","Text":"47","vill_code":"533016","LGD_CODE":"533016"}},{"type":"Feature","id":58,"geometry":{"type":"Polygon","coordinates":[[[77.730026339710179,20.831301949492911],[77.72990003096038,20.831369014279225],[77.729749718497558,20.829928460123682],[77.729898643946441,20.829586538756686],[77.730732651853387,20.829238679364494],[77.73230064031803,20.828834212874892],[77.731930409332932,20.830841930772188],[77.730805374926192,20.831023633108334],[77.730026339710179,20.831301949492911]]]},"properties":{"FID":58,"Join_Count":2,"TARGET_FID":60,"Layer":"TEXT_PARCEL","Text":"19","vill_code":"533016","LGD_CODE":"533016"}},{"type":"Feature","id":59,"geometry":{"type":"Polygon","coordinates":[[[77.735395352022806,20.831198338421949],[77.733317523836988,20.831369431298356],[77.732784290318406,20.831180710268836],[77.732492343019686,20.830991920297095],[77.732798512361583,20.830654537857384],[77.732968760959608,20.829905686497082],[77.73319737056903,20.829536661902122],[77.733247203095928,20.829353788809144],[77.733878290299444,20.829394646632188],[77.735513847543572,20.828717567416742],[77.73567561028355,20.828624873324266],[77.737381611111871,20.828192617892732],[77.737528961291915,20.828693701500317],[77.737645944424742,20.829491524707571],[77.737581562491698,20.829843466958994],[77.736170516694784,20.830408144743142],[77.735321088699081,20.830659436645462],[77.735395352022806,20.831198338421949]]]},"properties":{"FID":59,"Join_Count":2,"TARGET_FID":61,"Layer":"TEXT_PARCEL","Text":"46","vill_code":"533016","LGD_CODE":"533016"}},{"type":"Feature","id":60,"geometry":{"type":"Polygon","coordinates":[[[77.723726266761204,20.831162476424865],[77.723738357243491,20.831537791955633],[77.723683191359868,20.831513610864395],[77.723185722552614,20.831447137795283],[77.721890458433535,20.831326826388619],[77.721879188491187,20.830798603536959],[77.721861491500007,20.830340013186717],[77.721974135917719,20.829993354267973],[77.722070056648036,20.829816842223156],[77.72366176671251,20.830057459939496],[77.723701780259546,20.83072474239335],[77.723726266761204,20.831162476424865]]]},"properties":{"FID":60,"Join_Count":2,"TARGET_FID":62,"Layer":"TEXT_PARCEL","Text":"97","vill_code":"533016","LGD_CODE":"533016"}},{"type":"Feature","id":61,"geometry":{"type":"Polygon","coordinates":[[[77.726272579540989,20.83089159462871],[77.726126765732076,20.831624647880876],[77.725946630568757,20.831561724739927],[77.726166493099925,20.830862637492775],[77.726211546324166,20.830667915545021],[77.725649201051993,20.830229897275697],[77.725124130854397,20.830102203004682],[77.724091392017883,20.830122402999759],[77.72366176671251,20.830057459939496],[77.722070056648036,20.829816842223156],[77.722229157887938,20.829581381323251],[77.722919237568604,20.829846513350919],[77.723839096464957,20.829968523626203],[77.724181671108155,20.830013961693613],[77.72511595969128,20.829972375619679],[77.725464064764921,20.830048051306377],[77.725027015845299,20.828806186474168],[77.724149552603734,20.826782438284237],[77.723969622871564,20.826216607642696],[77.724166362374717,20.826212173170017],[77.72514075068311,20.828705117716691],[77.725232306814505,20.828939355873047],[77.725526545084605,20.829846012872888],[77.725949371543507,20.830306468430202],[77.726310477237206,20.830672390329809],[77.726272579540989,20.83089159462871]]]},"properties":{"FID":61,"Join_Count":1,"TARGET_FID":63,"Layer":"POLY_PARCEL","Text":"छन\u094Dस\u094Dस\u094D","vill_code":"533016","LGD_CODE":"533016"}},{"type":"Feature","id":62,"geometry":{"type":"Polygon","coordinates":[[[77.729563738983316,20.831550689592195],[77.729337503727493,20.83163629797335],[77.729064838269039,20.830065365764078],[77.728475858425213,20.830169143330011],[77.72827114304387,20.829385227229913],[77.727563064254127,20.829853752838464],[77.727722831837966,20.828586506296887],[77.7293300258589,20.828288801322419],[77.729541502583345,20.828978864615465],[77.72951744377535,20.829113718285942],[77.729572455983032,20.830043844530376],[77.729740734389054,20.831326959270033],[77.729563738983316,20.831550689592195]]]},"properties":{"FID":62,"Join_Count":2,"TARGET_FID":64,"Layer":"TEXT_PARCEL","Text":"72","vill_code":"533016","LGD_CODE":"533016"}},{"type":"Feature","id":63,"geometry":{"type":"Polygon","coordinates":[[[77.744378932526317,20.831217099695959],[77.743369396612934,20.831544084933885],[77.743398877870206,20.831102885447891],[77.743362425564328,20.831013951000138],[77.74179395488558,20.830834580206368],[77.740066761022575,20.830978365865011],[77.73958311312785,20.831069714621876],[77.739430402719805,20.830494905171058],[77.741420646196573,20.829978818520374],[77.743302821835869,20.829942079495414],[77.743800999594228,20.829999431609156],[77.743905179924539,20.830049387417766],[77.744405616294088,20.830106877568539],[77.746432206518193,20.830175470395528],[77.746467613590895,20.830984350471066],[77.744378932526317,20.831217099695959]]]},"properties":{"FID":63,"Join_Count":2,"TARGET_FID":65,"Layer":"TEXT_PARCEL","Text":"50","vill_code":"533016","LGD_CODE":"533016"}},{"type":"Feature","id":64,"geometry":{"type":"Polygon","coordinates":[[[77.732811954742971,20.831678476279581],[77.73197278417949,20.831744487607718],[77.732144910183877,20.830940952360052],[77.732492343019686,20.830991920297095],[77.732784290318406,20.831180710268836],[77.732811954742971,20.831678476279581]]]},"properties":{"FID":64,"Join_Count":2,"TARGET_FID":66,"Layer":"TEXT_PARCEL","Text":"21","vill_code":"533016","LGD_CODE":"533016"}},{"type":"Feature","id":65,"geometry":{"type":"Polygon","coordinates":[[[77.72884656439642,20.831544556371689],[77.728911314107989,20.831799585503443],[77.728689704277613,20.831705823597769],[77.727749697699679,20.831661920140512],[77.727640798995949,20.831432515750148],[77.727631507308146,20.830941222119208],[77.72750887616472,20.830577896350171],[77.727399498475876,20.830143834303946],[77.727563064254127,20.829853752838464],[77.72827114304387,20.829385227229913],[77.728475858425213,20.830169143330011],[77.72884656439642,20.831544556371689]]]},"properties":{"FID":65,"Join_Count":2,"TARGET_FID":67,"Layer":"TEXT_PARCEL","Text":"75","vill_code":"533016","LGD_CODE":"533016"}},{"type":"Feature","id":66,"geometry":{"type":"Polygon","coordinates":[[[77.729337503727493,20.83163629797335],[77.728911314107989,20.831799585503443],[77.72884656439642,20.831544556371689],[77.728475858425213,20.830169143330011],[77.729064838269039,20.830065365764078],[77.729337503727493,20.83163629797335]]]},"properties":{"FID":66,"Join_Count":2,"TARGET_FID":68,"Layer":"TEXT_PARCEL","Text":"74","vill_code":"533016","LGD_CODE":"533016"}},{"type":"Feature","id":67,"geometry":{"type":"Polygon","coordinates":[[[77.725946630568757,20.831561724739927],[77.725008176577603,20.831877135682376],[77.724677181845109,20.831758462417621],[77.724507609352557,20.831712342564],[77.72436697707505,20.831685073316304],[77.723984525237711,20.831665863323035],[77.723738357243491,20.831537791955633],[77.723726266761204,20.831162476424865],[77.723701780259546,20.83072474239335],[77.72500425256122,20.830779106936966],[77.725038529119374,20.830897975847346],[77.726166493099925,20.830862637492775],[77.725946630568757,20.831561724739927]]]},"properties":{"FID":67,"Join_Count":2,"TARGET_FID":69,"Layer":"TEXT_PARCEL","Text":"96","vill_code":"533016","LGD_CODE":"533016"}},{"type":"Feature","id":68,"geometry":{"type":"Polygon","coordinates":[[[77.726716769010764,20.8318359143924],[77.726238471098171,20.831926278976578],[77.726126765732076,20.831624647880876],[77.726272579540989,20.83089159462871],[77.726915380149336,20.830714767460588],[77.72750887616472,20.830577896350171],[77.727631507308146,20.830941222119208],[77.727640798995949,20.831432515750148],[77.727275170935272,20.831618600297421],[77.727371681477436,20.831853555042784],[77.726878546843565,20.831908713250481],[77.726716769010764,20.8318359143924]]]},"properties":{"FID":68,"Join_Count":2,"TARGET_FID":70,"Layer":"TEXT_PARCEL","Text":"76","vill_code":"533016","LGD_CODE":"533016"}},{"type":"Feature","id":69,"geometry":{"type":"Polygon","coordinates":[[[77.730944822342806,20.831891862587039],[77.730014118554067,20.832056698757235],[77.729933647461976,20.831814437446152],[77.730047054813866,20.831373368377328],[77.730852033526759,20.831117073002677],[77.731875365091,20.83095227555949],[77.731717149624686,20.831775076830588],[77.730944822342806,20.831891862587039]]]},"properties":{"FID":69,"Join_Count":2,"TARGET_FID":71,"Layer":"TEXT_PARCEL","Text":"18","vill_code":"533016","LGD_CODE":"533016"}},{"type":"Feature","id":70,"geometry":{"type":"Polygon","coordinates":[[[77.719552336009585,20.832260205519603],[77.718735604745262,20.832327993698915],[77.718526107204156,20.832194271995981],[77.71860911491342,20.831390091822815],[77.719516299524372,20.831222101848891],[77.719538421205385,20.83087363499369],[77.72025263583842,20.831073838446894],[77.71993047139928,20.830125272014953],[77.719942640400149,20.829626723624632],[77.72079917893592,20.829721316669715],[77.721974135917719,20.829993354267973],[77.721861491500007,20.830340013186717],[77.721879188491187,20.830798603536959],[77.721890458433535,20.831326826388619],[77.721886227480354,20.831385467439226],[77.721259948530005,20.831616328268822],[77.720532395618861,20.831899842119025],[77.720414254927789,20.831897628334371],[77.719565706988732,20.832074307128117],[77.719552336009585,20.832260205519603]]]},"properties":{"FID":70,"Join_Count":2,"TARGET_FID":72,"Layer":"TEXT_PARCEL","Text":"98","vill_code":"533016","LGD_CODE":"533016"}},{"type":"Feature","id":71,"geometry":{"type":"Polygon","coordinates":[[[77.729805195518367,20.832167396285293],[77.729170594094342,20.832208988176394],[77.72916739779825,20.831998770625802],[77.729429755190012,20.831807493053596],[77.729680382650102,20.831902882294113],[77.729805195518367,20.832167396285293]]]},"properties":{"FID":71,"Join_Count":2,"TARGET_FID":73,"Layer":"TEXT_PARCEL","Text":"73","vill_code":"533016","LGD_CODE":"533016"}},{"type":"Feature","id":72,"geometry":{"type":"Polygon","coordinates":[[[77.716742616915937,20.832490391576801],[77.715787960682093,20.832647644960581],[77.71598760664871,20.830382327429493],[77.717258264785556,20.830227543126572],[77.717459617330505,20.830853377972627],[77.719353093375105,20.830840730757863],[77.719538421205385,20.83087363499369],[77.719516299524372,20.831222101848891],[77.71860911491342,20.831390091822815],[77.718526107204156,20.832194271995981],[77.716742616915937,20.832490391576801]]]},"properties":{"FID":72,"Join_Count":2,"TARGET_FID":74,"Layer":"TEXT_PARCEL","Text":"120","vill_code":"533016","LGD_CODE":"533016"}},{"type":"Feature","id":73,"geometry":{"type":"Polygon","coordinates":[[[77.724502972160323,20.83247626511173],[77.72352888989262,20.832568885481834],[77.723543374475142,20.832222348808809],[77.723648521244556,20.831973702357853],[77.723673757633009,20.831813904463079],[77.723738357243491,20.831537791955633],[77.723984525237711,20.831665863323035],[77.72436697707505,20.831685073316304],[77.724507609352557,20.831712342564],[77.724502972160323,20.83247626511173]]]},"properties":{"FID":73,"Join_Count":2,"TARGET_FID":76,"Layer":"TEXT_PARCEL","Text":"138","vill_code":"533016","LGD_CODE":"533016"}},{"type":"Feature","id":74,"geometry":{"type":"Polygon","coordinates":[[[77.732589767502859,20.832331393306166],[77.731682317565358,20.832464726925451],[77.73197278417949,20.831744487607718],[77.732811954742971,20.831678476279581],[77.73283719402761,20.832403927141346],[77.732589767502859,20.832331393306166]]]},"properties":{"FID":74,"Join_Count":2,"TARGET_FID":77,"Layer":"TEXT_PARCEL","Text":"23","vill_code":"533016","LGD_CODE":"533016"}},{"type":"Feature","id":75,"geometry":{"type":"Polygon","coordinates":[[[77.715787960682093,20.832647644960581],[77.714825814623424,20.832746616643416],[77.714649100819415,20.83255212677992],[77.714270465609488,20.832464471255147],[77.714199529839178,20.832104892755073],[77.713387241216822,20.832098477033515],[77.712660829313222,20.830432142266645],[77.71423022738405,20.830283635139278],[77.71598760664871,20.830382327429493],[77.715787960682093,20.832647644960581]]]},"properties":{"FID":75,"Join_Count":2,"TARGET_FID":78,"Layer":"TEXT_PARCEL","Text":"119","vill_code":"533016","LGD_CODE":"533016"}},{"type":"Feature","id":76,"geometry":{"type":"Polygon","coordinates":[[[77.733899063586009,20.832494500680397],[77.733034541036005,20.832594743423869],[77.732962332417429,20.832570055690759],[77.73283719402761,20.832403927141346],[77.732811954742971,20.831678476279581],[77.732784290318406,20.831180710268836],[77.733317523836988,20.831369431298356],[77.733388587074231,20.831759145810423],[77.733899063586009,20.832494500680397]]]},"properties":{"FID":76,"Join_Count":2,"TARGET_FID":79,"Layer":"TEXT_PARCEL","Text":"22","vill_code":"533016","LGD_CODE":"533016"}},{"type":"Feature","id":77,"geometry":{"type":"Polygon","coordinates":[[[77.731324353007551,20.832495676032011],[77.730049231146097,20.832671154811923],[77.729856142637914,20.832658536890506],[77.729902696456463,20.832410065974276],[77.73001263911857,20.832452010175299],[77.730014118554152,20.832056698757182],[77.730944822342849,20.831891862587039],[77.731717149624671,20.831775076830695],[77.731324353007551,20.832495676032011]]]},"properties":{"FID":77,"Join_Count":2,"TARGET_FID":81,"Layer":"TEXT_PARCEL","Text":"17","vill_code":"533016","LGD_CODE":"533016"}},{"type":"Feature","id":78,"geometry":{"type":"Polygon","coordinates":[[[77.729744463597243,20.832767585707806],[77.72956556056198,20.832828600342843],[77.729320349303904,20.832794750678605],[77.729046282138867,20.832699040343705],[77.729170594094342,20.832208988176394],[77.729805195518367,20.832167396285293],[77.729902696456378,20.832410065974337],[77.729856142637772,20.832658536890484],[77.729744463597243,20.832767585707806]]]},"properties":{"FID":78,"Join_Count":2,"TARGET_FID":82,"Layer":"TEXT_PARCEL","Text":"14","vill_code":"533016","LGD_CODE":"533016"}},{"type":"Feature","id":79,"geometry":{"type":"Polygon","coordinates":[[[77.737660646610905,20.832743692105673],[77.736140876401265,20.832800124095623],[77.735303527702257,20.832702340159564],[77.733899063586009,20.832494500680397],[77.733388587074231,20.831759145810423],[77.733317523836988,20.831369431298356],[77.735395352022806,20.831198338421949],[77.736094742130859,20.831137364490921],[77.737550699001332,20.830953215225083],[77.737660646610905,20.832743692105673]]]},"properties":{"FID":79,"Join_Count":2,"TARGET_FID":83,"Layer":"TEXT_PARCEL","Text":"45","vill_code":"533016","LGD_CODE":"533016"}},{"type":"Feature","id":80,"geometry":{"type":"Polygon","coordinates":[[[77.724738342115884,20.832820333768961],[77.72353574429178,20.833061838026833],[77.72352888989262,20.832568885481834],[77.724502972160323,20.83247626511173],[77.724679226605559,20.83245950497923],[77.724738342115884,20.832820333768961]]]},"properties":{"FID":80,"Join_Count":2,"TARGET_FID":84,"Layer":"TEXT_PARCEL","Text":"140","vill_code":"533016","LGD_CODE":"533016"}},{"type":"Feature","id":81,"geometry":{"type":"Polygon","coordinates":[[[77.740723244450791,20.831857010773266],[77.740644779105494,20.832823997486255],[77.739882700707881,20.8327791755327],[77.737794015313739,20.832759274651352],[77.737683789805232,20.830928038905054],[77.737691217190957,20.829883101421217],[77.737705475965555,20.829799821532454],[77.737820760901741,20.829904815811538],[77.739430402719805,20.830494905171058],[77.73958311312785,20.831069714621876],[77.739651599922837,20.831340047576312],[77.739797985002738,20.831492699270612],[77.740723244450791,20.831857010773266]]]},"properties":{"FID":81,"Join_Count":2,"TARGET_FID":85,"Layer":"TEXT_PARCEL","Text":"48","vill_code":"533016","LGD_CODE":"533016"}},{"type":"Feature","id":82,"geometry":{"type":"Polygon","coordinates":[[[77.72353574429178,20.833061838026833],[77.722675056082551,20.833203349709635],[77.722771546542972,20.832183267209601],[77.722858180933216,20.83201731092802],[77.723673757633009,20.831813904463079],[77.723648521244556,20.831973702357853],[77.723543374475142,20.832222348808809],[77.72352888989262,20.832568885481834],[77.72353574429178,20.833061838026833]]]},"properties":{"FID":82,"Join_Count":2,"TARGET_FID":86,"Layer":"TEXT_PARCEL","Text":"137","vill_code":"533016","LGD_CODE":"533016"}},{"type":"Feature","id":83,"geometry":{"type":"Polygon","coordinates":[[[77.725088675727065,20.833001539287864],[77.72500138753324,20.833198692821821],[77.724757283333474,20.833118284287185],[77.724738342115884,20.832820333768961],[77.724679226605559,20.83245950497923],[77.724502972160323,20.83247626511173],[77.724507609352557,20.831712342564],[77.724677181845109,20.831758462417621],[77.725008176577603,20.831877135682376],[77.725194245114196,20.832612602506646],[77.725109762177695,20.832816415720526],[77.725088675727065,20.833001539287864]]]},"properties":{"FID":83,"Join_Count":2,"TARGET_FID":87,"Layer":"TEXT_PARCEL","Text":"139","vill_code":"533016","LGD_CODE":"533016"}},{"type":"Feature","id":84,"geometry":{"type":"Polygon","coordinates":[[[77.727674769596589,20.833098946951175],[77.726521838051013,20.8331749300464],[77.726350871724676,20.833081828546366],[77.726146812393935,20.83305175098393],[77.725957453416299,20.832755884650606],[77.725934767475181,20.832470134222703],[77.725440091981625,20.832431039403946],[77.725269477372464,20.832643185135261],[77.725194245114196,20.832612602506646],[77.725008176577603,20.831877135682376],[77.725946630568757,20.831561724739927],[77.726126765732076,20.831624647880876],[77.726238471098171,20.831926278976578],[77.726716769010764,20.8318359143924],[77.726878546843565,20.831908713250481],[77.727371681477436,20.831853555042784],[77.727275170935272,20.831618600297421],[77.727640798995949,20.831432515750148],[77.727749697699679,20.831661920140512],[77.728689704277613,20.831705823597769],[77.728911314107989,20.831799585503443],[77.72916739779825,20.831998770625802],[77.729170594094342,20.832208988176394],[77.729046282138867,20.832699040343705],[77.728998280496157,20.832790452189364],[77.728492109232249,20.832929002751531],[77.72789415920397,20.833119521889905],[77.727674769596589,20.833098946951175]]]},"properties":{"FID":84,"Join_Count":2,"TARGET_FID":88,"Layer":"TEXT_MAPIN","Text":"ग\u093E\u0902वठ\u093Eण","vill_code":"533016","LGD_CODE":"533016"}},{"type":"Feature","id":85,"geometry":{"type":"Polygon","coordinates":[[[77.743088616175541,20.831741827242109],[77.742878751788041,20.833125660308752],[77.741214201420462,20.832890982869046],[77.740644779105494,20.832823997486255],[77.740723244450791,20.831857010773266],[77.739797985002738,20.831492699270612],[77.739651599922837,20.831340047576312],[77.73958311312785,20.831069714621876],[77.740066761022575,20.830978365865011],[77.74179395488558,20.830834580206368],[77.743362425564328,20.831013951000138],[77.743398877870206,20.831102885447891],[77.743369396612934,20.831544084933885],[77.743088616175541,20.831741827242109]]]},"properties":{"FID":85,"Join_Count":2,"TARGET_FID":89,"Layer":"TEXT_PARCEL","Text":"49","vill_code":"533016","LGD_CODE":"533016"}},{"type":"Feature","id":86,"geometry":{"type":"Polygon","coordinates":[[[77.728998280496157,20.832790452189364],[77.729024939262501,20.833416706045128],[77.728631783040612,20.83340539568151],[77.728492109232249,20.832929002751531],[77.728998280496157,20.832790452189364]]]},"properties":{"FID":86,"Join_Count":2,"TARGET_FID":90,"Layer":"TEXT_PARCEL","Text":"12","vill_code":"533016","LGD_CODE":"533016"}},{"type":"Feature","id":87,"geometry":{"type":"Polygon","coordinates":[[[77.72956556056198,20.832828600342843],[77.729611407301093,20.833414733116506],[77.729024939262501,20.833416706045128],[77.728998280496157,20.832790452189364],[77.729046282138867,20.832699040343705],[77.729320349303904,20.832794750678605],[77.72956556056198,20.832828600342843]]]},"properties":{"FID":87,"Join_Count":2,"TARGET_FID":91,"Layer":"TEXT_PARCEL","Text":"13","vill_code":"533016","LGD_CODE":"533016"}},{"type":"Feature","id":88,"geometry":{"type":"Polygon","coordinates":[[[77.724580124653713,20.833499269613775],[77.72325800621087,20.833821292239506],[77.722452531693179,20.833826082037447],[77.722675056082551,20.833203349709635],[77.72353574429178,20.833061838026833],[77.724738342115884,20.832820333768961],[77.724757283333474,20.833118284287185],[77.72500138753324,20.833198692821821],[77.724723635564033,20.833548021220285],[77.724659538205444,20.833594269456778],[77.724580124653713,20.833499269613775]]]},"properties":{"FID":88,"Join_Count":2,"TARGET_FID":92,"Layer":"TEXT_PARCEL","Text":"141","vill_code":"533016","LGD_CODE":"533016"}},{"type":"Feature","id":89,"geometry":{"type":"Polygon","coordinates":[[[77.725793423847207,20.833625794614562],[77.725255311242734,20.833868694365783],[77.725057707215285,20.83386693974591],[77.724981127517879,20.833594414418037],[77.725095268481866,20.833428363401641],[77.725269477372464,20.832643185135261],[77.725440091981625,20.832431039403946],[77.725934767475181,20.832470134222703],[77.725957453416299,20.832755884650606],[77.726146812393935,20.83305175098393],[77.725785721980515,20.83316352405101],[77.725793423847207,20.833625794614562]]]},"properties":{"FID":89,"Join_Count":2,"TARGET_FID":93,"Layer":"TEXT_PARCEL","Text":"1","vill_code":"533016","LGD_CODE":"533016"}},{"type":"Feature","id":90,"geometry":{"type":"Polygon","coordinates":[[[77.739837081552054,20.833481430671473],[77.738352000916805,20.833670860207999],[77.737846534993551,20.833631770557602],[77.737794015313739,20.832759274651352],[77.739882700707881,20.8327791755327],[77.739899899225492,20.832976202211466],[77.739837081552054,20.833481430671473]]]},"properties":{"FID":90,"Join_Count":2,"TARGET_FID":94,"Layer":"TEXT_PARCEL","Text":"42","vill_code":"533016","LGD_CODE":"533016"}},{"type":"Feature","id":91,"geometry":{"type":"Polygon","coordinates":[[[77.744273543866669,20.833599677701709],[77.743983383972235,20.833629429414323],[77.742878751788041,20.833125660308752],[77.743088616175541,20.831741827242109],[77.743369396612934,20.831544084933885],[77.744378932526317,20.831217099695959],[77.746467613590895,20.830984350471066],[77.746493005894067,20.832163717764956],[77.746706347667228,20.832429415641961],[77.746801056143383,20.833272481974163],[77.744395063938015,20.832988307233418],[77.744273543866669,20.833599677701709]]]},"properties":{"FID":91,"Join_Count":2,"TARGET_FID":95,"Layer":"TEXT_PARCEL","Text":"39","vill_code":"533016","LGD_CODE":"533016"}},{"type":"Feature","id":92,"geometry":{"type":"Polygon","coordinates":[[[77.719434823505821,20.83390108143918],[77.718963287205341,20.834032946365124],[77.718547736739069,20.833928298413269],[77.718068126075167,20.833677876216271],[77.716430626907552,20.833577596249878],[77.716742616915937,20.832490391576801],[77.718526107204156,20.832194271995981],[77.718735604745262,20.832327993698915],[77.719552336009585,20.832260205519603],[77.719557721980536,20.832906404406838],[77.719434823505821,20.83390108143918]]]},"properties":{"FID":92,"Join_Count":2,"TARGET_FID":96,"Layer":"TEXT_PARCEL","Text":"121","vill_code":"533016","LGD_CODE":"533016"}},{"type":"Feature","id":93,"geometry":{"type":"Polygon","coordinates":[[[77.728253918162594,20.833450619532801],[77.72821183774758,20.833950906314826],[77.727756206203438,20.833938091407461],[77.727674769596589,20.833098946951175],[77.72789415920397,20.833119521889905],[77.728492109232249,20.832929002751531],[77.728631783040612,20.83340539568151],[77.728253918162594,20.833450619532801]]]},"properties":{"FID":93,"Join_Count":2,"TARGET_FID":97,"Layer":"TEXT_PARCEL","Text":"11","vill_code":"533016","LGD_CODE":"533016"}},{"type":"Feature","id":94,"geometry":{"type":"Polygon","coordinates":[[[77.729802366045533,20.833819036488809],[77.72821183774758,20.833950906314826],[77.728253918162594,20.833450619532801],[77.728631783040612,20.83340539568151],[77.729024939262501,20.833416706045128],[77.729611407301093,20.833414733116506],[77.72956556056198,20.832828600342843],[77.729744463597243,20.832767585707806],[77.729856142637772,20.832658536890484],[77.730049231146111,20.83267115481188],[77.730010720831814,20.832756920147929],[77.730047564917399,20.832874935957744],[77.730037166654995,20.833685485901825],[77.729802366045533,20.833819036488809]]]},"properties":{"FID":94,"Join_Count":2,"TARGET_FID":98,"Layer":"TEXT_PARCEL","Text":"15","vill_code":"533016","LGD_CODE":"533016"}},{"type":"Feature","id":95,"geometry":{"type":"Polygon","coordinates":[[[77.720705572514746,20.834045201900508],[77.720059715014969,20.834089006291084],[77.71998063133961,20.833929197336381],[77.719434823505821,20.83390108143918],[77.719557721980536,20.832906404406838],[77.719552336009585,20.832260205519603],[77.719565706988732,20.832074307128117],[77.720414254927789,20.831897628334371],[77.720532395618861,20.831899842119025],[77.721259948530005,20.831616328268822],[77.721459129013112,20.832834301279092],[77.721561788725012,20.833691389468164],[77.721270036301021,20.833779503508442],[77.721325686680387,20.834022530194055],[77.720705572514746,20.834045201900508]]]},"properties":{"FID":95,"Join_Count":2,"TARGET_FID":99,"Layer":"TEXT_PARCEL","Text":"122","vill_code":"533016","LGD_CODE":"533016"}},{"type":"Feature","id":96,"geometry":{"type":"Polygon","coordinates":[[[77.716841565097297,20.83769867611824],[77.717787270059262,20.839305015585182],[77.720000647884262,20.843078761208403],[77.719764915575581,20.843256686503313],[77.719055441957039,20.84206210583784],[77.717525875800106,20.839398162274275],[77.716504863272462,20.83761986544312],[77.715763400754383,20.836272001359475],[77.714956349225531,20.834844263776006],[77.714528168185893,20.83428804873046],[77.713964620863123,20.833814240407381],[77.713771515285373,20.833577145365837],[77.711903822667409,20.829366073181006],[77.711619693159378,20.828666976814414],[77.711762213437282,20.828161413240139],[77.711888881962921,20.828647938948563],[77.712485389927735,20.830029689787125],[77.712660829313222,20.830432142266602],[77.713387241216822,20.832098477033526],[77.714077954482434,20.833517838452849],[77.714663411797233,20.834033247744802],[77.715244990221606,20.834714185799324],[77.716118886388756,20.836346316828102],[77.716759264532129,20.837543700664071],[77.718260993360559,20.837341197067246],[77.718934185225123,20.837147718424205],[77.720098021287868,20.836813220432592],[77.720565198412544,20.836572204548705],[77.721605504465401,20.836008146299893],[77.722219340751565,20.835813637316729],[77.722568010466375,20.835704550322191],[77.723132861727947,20.835430553336042],[77.72330685370116,20.835017111730966],[77.723842396035195,20.834531754214485],[77.724309014076084,20.833847178198884],[77.724659538205458,20.833594269456743],[77.724723635564146,20.833548021220388],[77.725001387533325,20.833198692821838],[77.725088675727079,20.833001539287974],[77.725109762177681,20.832816415720515],[77.725194245114267,20.832612602506742],[77.725269477372535,20.832643185135229],[77.725095268481823,20.833428363401651],[77.724981127517992,20.833594414418144],[77.725057707215399,20.833866939745974],[77.725255311242734,20.833868694365894],[77.725793423847165,20.833625794614704],[77.725777231293762,20.833839134457719],[77.725085744505236,20.83404462325262],[77.72483589608737,20.833762978832112],[77.724664302830945,20.833914755900707],[77.724519029738929,20.833925606325632],[77.724390327577964,20.833935477941001],[77.723904995223563,20.834614897980316],[77.723349319103704,20.83512979283563],[77.723378589246295,20.835330389560628],[77.723194231727007,20.835486052851596],[77.722678602331428,20.835811876172613],[77.721702100535254,20.836068997156701],[77.720116644024245,20.8369285970299],[77.719023137271563,20.837250545919687],[77.718335553951135,20.837447852982272],[77.716841565097297,20.83769867611824]]]},"properties":{"FID":96,"Join_Count":1,"TARGET_FID":100,"Layer":"POLY_PARCEL","Text":"छन\u094Dस\u094Dस\u094D","vill_code":"533016","LGD_CODE":"533016"}},{"type":"Feature","id":97,"geometry":{"type":"Polygon","coordinates":[[[77.726493057612004,20.833989522728906],[77.726263206284173,20.834054416787534],[77.725777231293662,20.833839134457659],[77.725793423847207,20.833625794614562],[77.725785721980515,20.83316352405101],[77.726146812393935,20.83305175098393],[77.726350871724676,20.833081828546366],[77.726521838051013,20.8331749300464],[77.726493057612004,20.833989522728906]]]},"properties":{"FID":97,"Join_Count":2,"TARGET_FID":101,"Layer":"TEXT_PARCEL","Text":"2","vill_code":"533016","LGD_CODE":"533016"}},{"type":"Feature","id":98,"geometry":{"type":"Polygon","coordinates":[[[77.732604837202146,20.833784280328604],[77.73193518059567,20.83401265702636],[77.731816295453768,20.83362101974426],[77.731733404620812,20.833068134020181],[77.731627501684144,20.83285766756924],[77.731618267673142,20.832822251368086],[77.731682317565358,20.832464726925451],[77.732589767502859,20.832331393306166],[77.73283719402761,20.832403927141346],[77.732962332417429,20.832570055690759],[77.732812738876191,20.833343536578429],[77.732604837202146,20.833784280328604]]]},"properties":{"FID":98,"Join_Count":2,"TARGET_FID":102,"Layer":"TEXT_PARCEL","Text":"24","vill_code":"533016","LGD_CODE":"533016"}},{"type":"Feature","id":99,"geometry":{"type":"Polygon","coordinates":[[[77.722394490559012,20.834110491640367],[77.721901409982905,20.834178269467696],[77.721427307180136,20.834178731858987],[77.721325686680387,20.834022530194055],[77.721270036301021,20.833779503508442],[77.721561788725012,20.833691389468164],[77.721459129013112,20.832834301279092],[77.721259948530005,20.831616328268822],[77.721886227480354,20.831385467439226],[77.721890458433535,20.831326826388619],[77.723185722552614,20.831447137795283],[77.723683191359868,20.831513610864395],[77.723738357243491,20.831537791955633],[77.723673757633009,20.831813904463079],[77.722858180933216,20.83201731092802],[77.722771546542972,20.832183267209601],[77.722675056082551,20.833203349709635],[77.722452531693179,20.833826082037447],[77.722394490559012,20.834110491640367]]]},"properties":{"FID":99,"Join_Count":2,"TARGET_FID":103,"Layer":"TEXT_PARCEL","Text":"136","vill_code":"533016","LGD_CODE":"533016"}},{"type":"Feature","id":100,"geometry":{"type":"Polygon","coordinates":[[[77.749177405443291,20.833516006909438],[77.748109890228974,20.83379235822359],[77.746801056143383,20.833272481974163],[77.746706347667228,20.832429415641961],[77.746493005894067,20.832163717764956],[77.746467613590895,20.830984350471066],[77.746432206518193,20.830175470395528],[77.74672834061235,20.8301890098382],[77.748380110680003,20.830105147376955],[77.749192652211292,20.83034453624288],[77.749683364948879,20.832595597653608],[77.74975260149327,20.833007906904133],[77.749177405443291,20.833516006909438]]]},"properties":{"FID":100,"Join_Count":2,"TARGET_FID":104,"Layer":"TEXT_PARCEL","Text":"38","vill_code":"533016","LGD_CODE":"533016"}},{"type":"Feature","id":101,"geometry":{"type":"Polygon","coordinates":[[[77.737698839848591,20.833844623299871],[77.736738984869845,20.833977364074979],[77.736179881952324,20.833903303419376],[77.736140876401265,20.832800124095623],[77.737660646610905,20.832743692105673],[77.737716841099299,20.833637448254319],[77.737698839848591,20.833844623299871]]]},"properties":{"FID":101,"Join_Count":2,"TARGET_FID":105,"Layer":"TEXT_PARCEL","Text":"43","vill_code":"533016","LGD_CODE":"533016"}},{"type":"Feature","id":102,"geometry":{"type":"Polygon","coordinates":[[[77.736277725154665,20.834293705553282],[77.735498483442456,20.834367674885382],[77.735126166126904,20.834185885523848],[77.735303527702257,20.832702340159564],[77.736140876401265,20.832800124095623],[77.736179881952324,20.833903303419376],[77.736277725154665,20.834293705553282]]]},"properties":{"FID":102,"Join_Count":2,"TARGET_FID":106,"Layer":"TEXT_PARCEL","Text":"44","vill_code":"533016","LGD_CODE":"533016"}},{"type":"Feature","id":103,"geometry":{"type":"Polygon","coordinates":[[[77.715962021855333,20.834656466508314],[77.715244990221592,20.834714185799296],[77.71466341179719,20.834033247744728],[77.714077954482434,20.833517838452714],[77.713387241216822,20.832098477033515],[77.714199529839178,20.832104892755073],[77.714270465609488,20.832464471255147],[77.714649100819415,20.83255212677992],[77.714825814623424,20.832746616643416],[77.715787960682093,20.832647644960581],[77.716742616915937,20.832490391576801],[77.716430626907552,20.833577596249878],[77.717019391797592,20.834285749230908],[77.716944326908688,20.834430121957187],[77.715962021855333,20.834656466508314]]]},"properties":{"FID":103,"Join_Count":2,"TARGET_FID":107,"Layer":"TEXT_PARCEL","Text":"125","vill_code":"533016","LGD_CODE":"533016"}},{"type":"Feature","id":104,"geometry":{"type":"Polygon","coordinates":[[[77.730589626052335,20.83451719542305],[77.730053327169102,20.834559470875163],[77.729802366045533,20.833819036488809],[77.730037166654995,20.833685485901825],[77.730047564917399,20.832874935957744],[77.730010720831814,20.832756920147929],[77.731372994580141,20.832584381328068],[77.731217406688629,20.834193986871647],[77.730852461660433,20.834228263440689],[77.730589626052335,20.83451719542305]]]},"properties":{"FID":104,"Join_Count":2,"TARGET_FID":108,"Layer":"TEXT_PARCEL","Text":"16","vill_code":"533016","LGD_CODE":"533016"}},{"type":"Feature","id":105,"geometry":{"type":"Polygon","coordinates":[[[77.727756206203438,20.833938091407461],[77.727793765156662,20.834750278862042],[77.727207842024313,20.834351243137363],[77.726643772863596,20.834412381155122],[77.726263206284173,20.834054416787534],[77.726493057612004,20.833989522728906],[77.726521838051013,20.8331749300464],[77.727674769596589,20.833098946951175],[77.727756206203438,20.833938091407461]]]},"properties":{"FID":105,"Join_Count":2,"TARGET_FID":109,"Layer":"TEXT_PARCEL","Text":"3","vill_code":"533016","LGD_CODE":"533016"}},{"type":"Feature","id":106,"geometry":{"type":"Polygon","coordinates":[[[77.713429830364078,20.83497352413821],[77.712468813920324,20.835154928014241],[77.712201486574202,20.833703227270647],[77.712005541566185,20.832249858656638],[77.71205792866742,20.83110741566809],[77.711910626520279,20.829805713676837],[77.711903822667324,20.829366073180942],[77.713771515285245,20.833577145365776],[77.713964620863123,20.833814240407357],[77.713905481138426,20.834694119338348],[77.713429830364078,20.83497352413821]]]},"properties":{"FID":106,"Join_Count":2,"TARGET_FID":110,"Layer":"TEXT_PARCEL","Text":"126","vill_code":"533016","LGD_CODE":"533016"}},{"type":"Feature","id":107,"geometry":{"type":"Polygon","coordinates":[[[77.718749747137167,20.834927741213278],[77.717268313388715,20.835104179083444],[77.716944326908688,20.834430121957187],[77.717019391797592,20.834285749230908],[77.716430626907552,20.833577596249878],[77.718068126075167,20.833677876216271],[77.718547736739069,20.833928298413269],[77.718963287205341,20.834032946365124],[77.719434823505821,20.83390108143918],[77.71998063133961,20.833929197336381],[77.720059715014969,20.834089006291084],[77.720705572514746,20.834045201900508],[77.72083126429024,20.834624931697594],[77.720219234701744,20.834940760628118],[77.718749747137167,20.834927741213278]]]},"properties":{"FID":107,"Join_Count":2,"TARGET_FID":111,"Layer":"TEXT_PARCEL","Text":"123","vill_code":"533016","LGD_CODE":"533016"}},{"type":"Feature","id":108,"geometry":{"type":"Polygon","coordinates":[[[77.73369841399024,20.833641753846209],[77.733786725457207,20.834881904097386],[77.732704641324432,20.834787762076733],[77.731430361502746,20.834319835315114],[77.731627501684144,20.83285766756924],[77.731733404620812,20.833068134020181],[77.731816295453768,20.83362101974426],[77.73193518059567,20.83401265702636],[77.732604837202146,20.833784280328604],[77.732812738876191,20.833343536578429],[77.732962332417429,20.832570055690759],[77.733034541036005,20.832594743423869],[77.733899063586009,20.832494500680397],[77.735303527702257,20.832702340159564],[77.735126166126904,20.834185885523848],[77.734561139742809,20.833951505852795],[77.73369841399024,20.833641753846209]]]},"properties":{"FID":108,"Join_Count":2,"TARGET_FID":112,"Layer":"TEXT_PARCEL","Text":"25","vill_code":"533016","LGD_CODE":"533016"}},{"type":"Feature","id":109,"geometry":{"type":"Polygon","coordinates":[[[77.744823521500876,20.834061540358835],[77.744838370994444,20.835220429757456],[77.742555853367023,20.834479717474945],[77.741533846727748,20.834582909929921],[77.741296691809268,20.833056035687584],[77.741214201420462,20.832890982869046],[77.742878751788041,20.833125660308752],[77.743983383972235,20.833629429414323],[77.744273543866669,20.833599677701709],[77.744716580431643,20.833621808404803],[77.744823521500876,20.834061540358835]]]},"properties":{"FID":109,"Join_Count":2,"TARGET_FID":113,"Layer":"TEXT_PARCEL","Text":"40","vill_code":"533016","LGD_CODE":"533016"}},{"type":"Feature","id":110,"geometry":{"type":"Polygon","coordinates":[[[77.728632373285393,20.834548824766287],[77.728497729838807,20.835561758724573],[77.727801337613272,20.83553102412337],[77.727793765156662,20.834750278862042],[77.728632373285393,20.834548824766287]]]},"properties":{"FID":110,"Join_Count":2,"TARGET_FID":114,"Layer":"TEXT_PARCEL","Text":"9","vill_code":"533016","LGD_CODE":"533016"}},{"type":"Feature","id":111,"geometry":{"type":"Polygon","coordinates":[[[77.722568010466375,20.835704550322074],[77.722219340751536,20.835813637316718],[77.722041388780227,20.835538002124654],[77.721957088503629,20.83456203442282],[77.721901409982905,20.834178269467696],[77.722394490559012,20.834110491640367],[77.722452531693179,20.833826082037447],[77.72325800621087,20.833821292239506],[77.724580124653713,20.833499269613775],[77.724659538205444,20.833594269456778],[77.724309014076027,20.833847178198766],[77.723842396035124,20.834531754214474],[77.723306853701075,20.835017111730956],[77.723132861727862,20.835430553335989],[77.722568010466375,20.835704550322074]]]},"properties":{"FID":111,"Join_Count":2,"TARGET_FID":115,"Layer":"TEXT_PARCEL","Text":"142","vill_code":"533016","LGD_CODE":"533016"}},{"type":"Feature","id":112,"geometry":{"type":"Polygon","coordinates":[[[77.749211413355184,20.834638954377418],[77.749537853719076,20.835549326052529],[77.7469039704648,20.835507018289817],[77.744838370994444,20.835220429757456],[77.744823521500876,20.834061540358835],[77.744716580431643,20.833621808404803],[77.744273543866669,20.833599677701709],[77.744395063938015,20.832988307233418],[77.746801056143383,20.833272481974163],[77.748109890228974,20.83379235822359],[77.748632432189169,20.83413228395904],[77.749211413355184,20.834638954377418]]]},"properties":{"FID":112,"Join_Count":2,"TARGET_FID":116,"Layer":"TEXT_PARCEL","Text":"36","vill_code":"533016","LGD_CODE":"533016"}},{"type":"Feature","id":113,"geometry":{"type":"Polygon","coordinates":[[[77.749852514269548,20.835168184230682],[77.749537853719076,20.835549326052529],[77.749211413355184,20.834638954377418],[77.748632432189169,20.83413228395904],[77.748109890228974,20.83379235822359],[77.749177405443291,20.833516006909438],[77.74975260149327,20.833007906904133],[77.750006526068049,20.834984692944584],[77.749852514269548,20.835168184230682]]]},"properties":{"FID":113,"Join_Count":2,"TARGET_FID":117,"Layer":"TEXT_PARCEL","Text":"37","vill_code":"533016","LGD_CODE":"533016"}},{"type":"Feature","id":114,"geometry":{"type":"Polygon","coordinates":[[[77.722219340751536,20.835813637316718],[77.721605504465288,20.836008146299754],[77.721289473504925,20.835051965791756],[77.72104491819438,20.834687485396596],[77.72083126429024,20.834624931697594],[77.720705572514746,20.834045201900508],[77.721325686680387,20.834022530194055],[77.721427307180136,20.834178731858987],[77.721901409982905,20.834178269467696],[77.721957088503629,20.83456203442282],[77.722041388780227,20.835538002124654],[77.722219340751536,20.835813637316718]]]},"properties":{"FID":114,"Join_Count":2,"TARGET_FID":118,"Layer":"TEXT_PARCEL","Text":"135","vill_code":"533016","LGD_CODE":"533016"}},{"type":"Feature","id":115,"geometry":{"type":"Polygon","coordinates":[[[77.731185887930792,20.834499348882524],[77.730950597423529,20.835985908675138],[77.730162374752851,20.835948609137748],[77.730160104231842,20.835445710097794],[77.728929577276659,20.835620124257343],[77.72894495982996,20.835507233458962],[77.728497729838807,20.835561758724573],[77.728632373285393,20.834548824766287],[77.727793765156662,20.834750278862042],[77.727756206203438,20.833938091407461],[77.72821183774758,20.833950906314826],[77.729802366045533,20.833819036488809],[77.730053327169102,20.834559470875163],[77.730589626052335,20.83451719542305],[77.730852461660433,20.834228263440689],[77.731217406688629,20.834193986871647],[77.731185887930792,20.834499348882524]]]},"properties":{"FID":115,"Join_Count":2,"TARGET_FID":119,"Layer":"TEXT_PARCEL","Text":"10","vill_code":"533016","LGD_CODE":"533016"}},{"type":"Feature","id":116,"geometry":{"type":"Polygon","coordinates":[[[77.716382974010386,20.836267170588179],[77.716118886388699,20.836346316827981],[77.715244990221592,20.834714185799296],[77.715962021855333,20.834656466508314],[77.716944326908688,20.834430121957187],[77.717268313388715,20.835104179083444],[77.716076459888015,20.835395007050536],[77.716382974010386,20.836267170588179]]]},"properties":{"FID":116,"Join_Count":2,"TARGET_FID":120,"Layer":"TEXT_PARCEL","Text":"124","vill_code":"533016","LGD_CODE":"533016"}},{"type":"Feature","id":117,"geometry":{"type":"Polygon","coordinates":[[[77.715763400754284,20.83627200135944],[77.713849801978455,20.836677989517906],[77.712757492950701,20.836634763421515],[77.712574403550931,20.835694234556854],[77.712468813920324,20.835154928014241],[77.713429830364078,20.83497352413821],[77.713905481138426,20.834694119338348],[77.713964620863123,20.833814240407357],[77.714528168185794,20.834288048730336],[77.714956349225432,20.834844263775924],[77.715763400754284,20.83627200135944]]]},"properties":{"FID":117,"Join_Count":2,"TARGET_FID":121,"Layer":"TEXT_PARCEL","Text":"127","vill_code":"533016","LGD_CODE":"533016"}},{"type":"Feature","id":118,"geometry":{"type":"Polygon","coordinates":[[[77.721605504465288,20.836008146299754],[77.720565198412416,20.83657220454873],[77.720219234701744,20.834940760628118],[77.72083126429024,20.834624931697594],[77.72104491819438,20.834687485396596],[77.721289473504925,20.835051965791756],[77.721605504465288,20.836008146299754]]]},"properties":{"FID":118,"Join_Count":2,"TARGET_FID":122,"Layer":"TEXT_PARCEL","Text":"134","vill_code":"533016","LGD_CODE":"533016"}},{"type":"Feature","id":119,"geometry":{"type":"Polygon","coordinates":[[[77.740788978561554,20.836377642757267],[77.737973905552138,20.836522827435541],[77.737946407266122,20.835463463450282],[77.737801785389578,20.834782136509428],[77.737932617195213,20.834779957794741],[77.738407871126242,20.834676537219089],[77.738898120310509,20.834746603403072],[77.740434168326885,20.834547362323494],[77.740563292632459,20.834767279161806],[77.740484780854928,20.834929641404916],[77.740603069420089,20.83576341247668],[77.740756273420899,20.836315014202736],[77.740788978561554,20.836377642757267]]]},"properties":{"FID":119,"Join_Count":2,"TARGET_FID":123,"Layer":"TEXT_PARCEL","Text":"32","vill_code":"533016","LGD_CODE":"533016"}},{"type":"Feature","id":120,"geometry":{"type":"Polygon","coordinates":[[[77.727801337613272,20.83553102412337],[77.727821591173992,20.836708114022525],[77.726498575764083,20.836379365343493],[77.726532320621104,20.835875907842659],[77.725183726567167,20.835835646817898],[77.725074086105707,20.835528742415466],[77.724999171995933,20.834841460542727],[77.724944442809615,20.834763214351142],[77.724757075534342,20.834058015183103],[77.724664302830959,20.833914755900654],[77.724835896087328,20.833762978832134],[77.725085744505137,20.834044623252566],[77.725777231293662,20.833839134457659],[77.726263206284173,20.834054416787534],[77.726643772863596,20.834412381155122],[77.727207842024313,20.834351243137363],[77.727793765156662,20.834750278862042],[77.727801337613272,20.83553102412337]]]},"properties":{"FID":120,"Join_Count":2,"TARGET_FID":124,"Layer":"TEXT_PARCEL","Text":"4","vill_code":"533016","LGD_CODE":"533016"}},{"type":"Feature","id":121,"geometry":{"type":"Polygon","coordinates":[[[77.724647284840756,20.836632453952461],[77.723601868901255,20.836856895747015],[77.723592443674676,20.835686397511505],[77.723461850636127,20.835697267371401],[77.723378589246167,20.835330389560539],[77.723349319103733,20.835129792835495],[77.723904995223549,20.834614897980302],[77.724390327577922,20.833935477940884],[77.724519029738829,20.833925606325632],[77.724775930867921,20.834495332628556],[77.724890791089649,20.834922076904689],[77.724942995309149,20.835551947427298],[77.725202561677065,20.836371436934776],[77.724647284840756,20.836632453952461]]]},"properties":{"FID":121,"Join_Count":2,"TARGET_FID":125,"Layer":"TEXT_PARCEL","Text":"143","vill_code":"533016","LGD_CODE":"533016"}},{"type":"Feature","id":122,"geometry":{"type":"Polygon","coordinates":[[[77.733744264492501,20.83507559268784],[77.73382317037904,20.836904040296517],[77.733410988832915,20.836826412907321],[77.732109871196187,20.836463266565818],[77.731846042393755,20.836462708727851],[77.73150867036415,20.836461994884246],[77.731218374673603,20.836251865546245],[77.731391123440588,20.834485762227477],[77.731430361502746,20.834319835315114],[77.732704641324432,20.834787762076733],[77.733786725457207,20.834881904097386],[77.733744264492501,20.83507559268784]]]},"properties":{"FID":122,"Join_Count":2,"TARGET_FID":126,"Layer":"TEXT_PARCEL","Text":"26","vill_code":"533016","LGD_CODE":"533016"}},{"type":"Feature","id":123,"geometry":{"type":"Polygon","coordinates":[[[77.720098021287782,20.8368132204325],[77.718934185225123,20.837147718424205],[77.717268313388715,20.835104179083444],[77.718749747137167,20.834927741213278],[77.720219234701744,20.834940760628118],[77.720565198412416,20.83657220454873],[77.720098021287782,20.8368132204325]]]},"properties":{"FID":123,"Join_Count":2,"TARGET_FID":127,"Layer":"TEXT_PARCEL","Text":"133","vill_code":"533016","LGD_CODE":"533016"}},{"type":"Feature","id":124,"geometry":{"type":"Polygon","coordinates":[[[77.744838370994444,20.835220429757456],[77.744981550776771,20.836890511107129],[77.744414257018235,20.836793917327423],[77.743799848649672,20.836196089188395],[77.742820091592606,20.835730091513028],[77.742928195563593,20.836165755443751],[77.742733768843152,20.836148353087424],[77.742537723315934,20.836323828000207],[77.740756273420899,20.836315014202736],[77.740603069420089,20.83576341247668],[77.740484780854928,20.834929641404916],[77.740563292632459,20.834767279161806],[77.740434168326885,20.834547362323494],[77.738898120310509,20.834746603403072],[77.738407871126242,20.834676537219089],[77.737932617195213,20.834779957794741],[77.737801785389578,20.834782136509428],[77.737846534993551,20.833631770557602],[77.738352000916805,20.833670860207999],[77.739837081552054,20.833481430671473],[77.739899899225492,20.832976202211466],[77.739882700707881,20.8327791755327],[77.740644779105494,20.832823997486255],[77.741214201420462,20.832890982869046],[77.741296691809268,20.833056035687584],[77.741533846727748,20.834582909929921],[77.742555853367023,20.834479717474945],[77.744838370994444,20.835220429757456]]]},"properties":{"FID":124,"Join_Count":2,"TARGET_FID":128,"Layer":"TEXT_PARCEL","Text":"41","vill_code":"533016","LGD_CODE":"533016"}},{"type":"Feature","id":125,"geometry":{"type":"Polygon","coordinates":[[[77.718260993360502,20.837341197067264],[77.7167592645322,20.837543700664042],[77.716118886388699,20.836346316827981],[77.716382974010386,20.836267170588179],[77.716076459888015,20.835395007050536],[77.717268313388715,20.835104179083444],[77.718934185225123,20.837147718424205],[77.718260993360502,20.837341197067264]]]},"properties":{"FID":125,"Join_Count":2,"TARGET_FID":129,"Layer":"TEXT_PARCEL","Text":"132","vill_code":"533016","LGD_CODE":"533016"}},{"type":"Feature","id":126,"geometry":{"type":"Polygon","coordinates":[[[77.72246992453951,20.837300449274842],[77.720404620603773,20.837579691853648],[77.720116644024287,20.836928597029889],[77.721702100535239,20.836068997156584],[77.722678602331456,20.835811876172517],[77.723194231726936,20.835486052851589],[77.723378589246167,20.835330389560539],[77.723461850636127,20.835697267371401],[77.723592443674676,20.835686397511505],[77.723601868901255,20.836856895747015],[77.72245077909102,20.837203093490384],[77.72246992453951,20.837300449274842]]]},"properties":{"FID":126,"Join_Count":2,"TARGET_FID":130,"Layer":"TEXT_PARCEL","Text":"144","vill_code":"533016","LGD_CODE":"533016"}},{"type":"Feature","id":127,"geometry":{"type":"Polygon","coordinates":[[[77.727821591173992,20.836708114022525],[77.7280106612547,20.837485514858464],[77.725639158578716,20.837110470892341],[77.725183726567167,20.835835646817898],[77.726532320621104,20.835875907842659],[77.726498575764083,20.836379365343493],[77.727821591173992,20.836708114022525]]]},"properties":{"FID":127,"Join_Count":2,"TARGET_FID":131,"Layer":"TEXT_PARCEL","Text":"5","vill_code":"533016","LGD_CODE":"533016"}},{"type":"Feature","id":128,"geometry":{"type":"Polygon","coordinates":[[[77.736115866783308,20.837455592434377],[77.734538453987881,20.83752100971369],[77.733824830320302,20.837328852147078],[77.73382317037904,20.836904040296517],[77.733744264492501,20.83507559268784],[77.733786725457207,20.834881904097386],[77.73369841399024,20.833641753846209],[77.734561139742809,20.833951505852795],[77.735126166126904,20.834185885523848],[77.735498483442456,20.834367674885382],[77.736277725154665,20.834293705553282],[77.736179881952324,20.833903303419376],[77.736738984869845,20.833977364074979],[77.737698839848591,20.833844623299871],[77.737678951378811,20.834810340656603],[77.736305521571865,20.834925706969848],[77.736137363714931,20.835046428247139],[77.736249474511041,20.837401319062931],[77.736115866783308,20.837455592434377]]]},"properties":{"FID":128,"Join_Count":2,"TARGET_FID":132,"Layer":"TEXT_PARCEL","Text":"30","vill_code":"533016","LGD_CODE":"533016"}},{"type":"Feature","id":129,"geometry":{"type":"Polygon","coordinates":[[[77.715998439128953,20.837720968181991],[77.713067016738862,20.838173915721445],[77.712757492950701,20.836634763421515],[77.713849801978455,20.836677989517906],[77.715763400754284,20.83627200135944],[77.716504863272405,20.83761986544312],[77.715998439128953,20.837720968181991]]]},"properties":{"FID":129,"Join_Count":2,"TARGET_FID":133,"Layer":"TEXT_PARCEL","Text":"128","vill_code":"533016","LGD_CODE":"533016"}},{"type":"Feature","id":130,"geometry":{"type":"Polygon","coordinates":[[[77.748650962120706,20.837263381720852],[77.7450541279795,20.83767828121584],[77.744981550776771,20.836890511107129],[77.744838370994444,20.835220429757456],[77.7469039704648,20.835507018289817],[77.749537853719076,20.835549326052529],[77.749277693311214,20.835860051397802],[77.749204405896762,20.835945426971598],[77.748998048549041,20.836185822988618],[77.749016772795784,20.837183717872694],[77.748650962120706,20.837263381720852]]]},"properties":{"FID":130,"Join_Count":2,"TARGET_FID":134,"Layer":"TEXT_PARCEL","Text":"35","vill_code":"533016","LGD_CODE":"533016"}},{"type":"Feature","id":131,"geometry":{"type":"Polygon","coordinates":[[[77.731882352901863,20.837153611342767],[77.732040451973759,20.838290419103185],[77.731036209353647,20.838171414393713],[77.731218374673603,20.836251865546245],[77.73150867036415,20.836461994884246],[77.731846042393755,20.836462708727851],[77.731882352901863,20.837153611342767]]]},"properties":{"FID":131,"Join_Count":2,"TARGET_FID":135,"Layer":"TEXT_PARCEL","Text":"27","vill_code":"533016","LGD_CODE":"533016"}},{"type":"Feature","id":132,"geometry":{"type":"Polygon","coordinates":[[[77.742337543801511,20.83819332984055],[77.741213203653075,20.838285728534853],[77.74105092200746,20.837035514803553],[77.740788978561554,20.836377642757267],[77.740756273420899,20.836315014202736],[77.742537723315934,20.836323828000207],[77.742733768843152,20.836148353087424],[77.742928195563593,20.836165755443751],[77.742820091592606,20.835730091513028],[77.743799848649672,20.836196089188395],[77.744414257018235,20.836793917327423],[77.744981550776771,20.836890511107129],[77.7450541279795,20.83767828121584],[77.742742170716838,20.838005179316074],[77.742424853511992,20.838227432192461],[77.742337543801511,20.83819332984055]]]},"properties":{"FID":132,"Join_Count":2,"TARGET_FID":136,"Layer":"TEXT_PARCEL","Text":"34","vill_code":"533016","LGD_CODE":"533016"}},{"type":"Feature","id":133,"geometry":{"type":"Polygon","coordinates":[[[77.725925065848173,20.838182877619882],[77.722893570726995,20.838644950567542],[77.72246992453951,20.837300449274842],[77.72245077909102,20.837203093490384],[77.723601868901255,20.836856895747015],[77.724647284840756,20.836632453952461],[77.725202561677065,20.836371436934776],[77.725791459360906,20.837885423498154],[77.725925065848173,20.838182877619882]]]},"properties":{"FID":133,"Join_Count":2,"TARGET_FID":137,"Layer":"TEXT_PARCEL","Text":"145","vill_code":"533016","LGD_CODE":"533016"}},{"type":"Feature","id":134,"geometry":{"type":"Polygon","coordinates":[[[77.737973905552138,20.836522827435541],[77.737918859105392,20.838544582228987],[77.737800538507315,20.838545394732822],[77.737859431253952,20.836564853734053],[77.737814511450154,20.835482979591916],[77.737678951378811,20.834810340656603],[77.737698839848591,20.833844623299871],[77.737716841099299,20.833637448254319],[77.737660646610905,20.832743692105673],[77.737550699001332,20.830953215225083],[77.737581562491698,20.829843466958994],[77.737645944424742,20.829491524707571],[77.737528961291915,20.828693701500317],[77.737381611111871,20.828192617892732],[77.737210571968561,20.827244241007271],[77.737060390559407,20.824956792602219],[77.737239598346179,20.823274538169692],[77.737340905829029,20.822352396412317],[77.737523235141481,20.822376297987912],[77.737379101733936,20.823278834418595],[77.737259884725589,20.824992005606557],[77.737273929152195,20.825621484207694],[77.737360412991521,20.827284569779753],[77.737654363354437,20.828619582513987],[77.737765306868468,20.82945037785969],[77.737705475965555,20.829799821532454],[77.737691217190957,20.829883101421217],[77.737683789805232,20.830928038905054],[77.737794015313739,20.832759274651352],[77.737846534993551,20.833631770557602],[77.737801785389578,20.834782136509428],[77.737946407266122,20.835463463450282],[77.737973905552138,20.836522827435541]]]},"properties":{"FID":134,"Join_Count":1,"TARGET_FID":138,"Layer":"POLY_PARCEL","Text":"छन\u094Dस\u094Dस\u094D","vill_code":"533016","LGD_CODE":"533016"}},{"type":"Feature","id":135,"geometry":{"type":"Polygon","coordinates":[[[77.740065698953757,20.83836280537404],[77.737918859105392,20.838544582228987],[77.737973905552138,20.836522827435541],[77.740788978561554,20.836377642757267],[77.74105092200746,20.837035514803553],[77.741213203653075,20.838285728534853],[77.740065698953757,20.83836280537404]]]},"properties":{"FID":135,"Join_Count":2,"TARGET_FID":139,"Layer":"TEXT_PARCEL","Text":"33","vill_code":"533016","LGD_CODE":"533016"}},{"type":"Feature","id":136,"geometry":{"type":"Polygon","coordinates":[[[77.737800538507315,20.838545394732822],[77.736326453246477,20.838652422431302],[77.736115866783308,20.837455592434377],[77.736249474511041,20.837401319062931],[77.736137363714931,20.835046428247139],[77.736305521571865,20.834925706969848],[77.737678951378811,20.834810340656603],[77.737814511450154,20.835482979591916],[77.737859431253952,20.836564853734053],[77.737800538507315,20.838545394732822]]]},"properties":{"FID":136,"Join_Count":2,"TARGET_FID":140,"Layer":"TEXT_PARCEL","Text":"31","vill_code":"533016","LGD_CODE":"533016"}},{"type":"Feature","id":137,"geometry":{"type":"Polygon","coordinates":[[[77.730718553678344,20.838770343904198],[77.729797608580341,20.83888510622614],[77.729715888498532,20.8384455982711],[77.72959064950085,20.837621293651566],[77.730491063450458,20.837452868004807],[77.730293719695581,20.836598963445635],[77.729683441056864,20.836579353214706],[77.727821591173992,20.836708114022525],[77.727801337613272,20.83553102412337],[77.728497729838807,20.835561758724573],[77.72894495982996,20.835507233458962],[77.728929577276659,20.835620124257343],[77.730160104231842,20.835445710097794],[77.730162374752851,20.835948609137748],[77.730950597423529,20.835985908675138],[77.730718553678344,20.838770343904198]]]},"properties":{"FID":137,"Join_Count":2,"TARGET_FID":141,"Layer":"TEXT_PARCEL","Text":"8","vill_code":"533016","LGD_CODE":"533016"}},{"type":"Feature","id":138,"geometry":{"type":"Polygon","coordinates":[[[77.718662610827607,20.839001428844274],[77.717787270059148,20.83930501558515],[77.71684156509717,20.837698676118162],[77.718335553951036,20.837447852982262],[77.719023137271463,20.837250545919712],[77.720116644024287,20.836928597029889],[77.720404620603773,20.837579691853648],[77.720658238971097,20.838153099306279],[77.720559725103868,20.838262576654468],[77.718658562685675,20.838863475851259],[77.718662610827607,20.839001428844274]]]},"properties":{"FID":138,"Join_Count":2,"TARGET_FID":142,"Layer":"TEXT_PARCEL","Text":"131","vill_code":"533016","LGD_CODE":"533016"}},{"type":"Feature","id":139,"geometry":{"type":"Polygon","coordinates":[[[77.736326453246477,20.838652422431302],[77.733916142435575,20.839189434204584],[77.733410988832915,20.836826412907321],[77.73382317037904,20.836904040296517],[77.733824830320302,20.837328852147078],[77.734538453987881,20.83752100971369],[77.736115866783308,20.837455592434377],[77.736326453246477,20.838652422431302]]]},"properties":{"FID":139,"Join_Count":2,"TARGET_FID":143,"Layer":"TEXT_PARCEL","Text":"29","vill_code":"533016","LGD_CODE":"533016"}},{"type":"Feature","id":140,"geometry":{"type":"Polygon","coordinates":[[[77.717525875800078,20.839398162274357],[77.716443417565827,20.839693693596121],[77.715998439128953,20.837720968181991],[77.716504863272405,20.83761986544312],[77.717525875800078,20.839398162274357]]]},"properties":{"FID":140,"Join_Count":2,"TARGET_FID":144,"Layer":"TEXT_PARCEL","Text":"130","vill_code":"533016","LGD_CODE":"533016"}},{"type":"Feature","id":141,"geometry":{"type":"Polygon","coordinates":[[[77.733916142435575,20.839189434204584],[77.730878391519568,20.839951852532909],[77.731036209353647,20.838171414393713],[77.732040451973759,20.838290419103185],[77.731882352901863,20.837153611342767],[77.731846042393755,20.836462708727851],[77.732109871196187,20.836463266565818],[77.733410988832915,20.836826412907321],[77.733916142435575,20.839189434204584]]]},"properties":{"FID":141,"Join_Count":2,"TARGET_FID":145,"Layer":"TEXT_PARCEL","Text":"28","vill_code":"533016","LGD_CODE":"533016"}},{"type":"Feature","id":142,"geometry":{"type":"Polygon","coordinates":[[[77.731618267673127,20.832822251368217],[77.731627501684216,20.832857667569158],[77.731430361502873,20.834319835315164],[77.731391123440631,20.834485762227587],[77.731218374673688,20.83625186554627],[77.731036209353704,20.838171414393795],[77.730878391519525,20.83995185253292],[77.730617398864126,20.839991401522237],[77.730718553678457,20.83877034390423],[77.730950597423544,20.835985908675188],[77.731185887930792,20.834499348882563],[77.7312174066887,20.834193986871696],[77.731372994580283,20.832584381328108],[77.730010720831899,20.832756920147911],[77.730049231146097,20.832671154811923],[77.731324353007551,20.832495676032011],[77.731717149624671,20.831775076830695],[77.731875365090957,20.830952275559532],[77.730852033526787,20.831117073002758],[77.730047054813951,20.831373368377339],[77.729933647461962,20.831814437446265],[77.730014118554152,20.832056698757182],[77.73001263911857,20.832452010175299],[77.729902696456463,20.832410065974276],[77.729805195518338,20.832167396285346],[77.729680382650201,20.831902882294173],[77.729429755190097,20.831807493053653],[77.729167397798278,20.831998770625781],[77.728911314108018,20.831799585503461],[77.729337503727606,20.831636297973489],[77.729563738983359,20.831550689592117],[77.729740734389111,20.831326959270033],[77.72990003096038,20.831369014279293],[77.73002633971015,20.831301949492854],[77.730805374926263,20.831023633108376],[77.731930409333017,20.830841930772127],[77.732300640318101,20.828834212874998],[77.732460610837791,20.828240019246778],[77.73303529265371,20.82559126114506],[77.733826726474035,20.821943371166867],[77.73411191237949,20.82057853703742],[77.734386428068092,20.820572969393311],[77.734216134228404,20.821419967221971],[77.734122923075688,20.821960620201597],[77.733905232644645,20.82282374924398],[77.733284476602535,20.825454169168381],[77.73275640081323,20.828086275608879],[77.732492862857669,20.829316583482406],[77.732144910183877,20.830940952360042],[77.731972784179618,20.831744487607807],[77.731682317565458,20.832464726925423],[77.731618267673127,20.832822251368217]]]},"properties":{"FID":142,"Join_Count":1,"TARGET_FID":146,"Layer":"POLY_PARCEL","Text":"छन\u094Dस\u094Dस\u094D","vill_code":"533016","LGD_CODE":"533016"}},{"type":"Feature","id":143,"geometry":{"type":"Polygon","coordinates":[[[77.730617398864055,20.839991401522131],[77.728314171130165,20.840385849025328],[77.7280106612547,20.837485514858464],[77.727821591173992,20.836708114022525],[77.729683441056864,20.836579353214706],[77.730293719695581,20.836598963445635],[77.730491063450458,20.837452868004807],[77.72959064950085,20.837621293651566],[77.729715888498532,20.8384455982711],[77.729797608580341,20.83888510622614],[77.730718553678344,20.838770343904198],[77.730617398864055,20.839991401522131]]]},"properties":{"FID":143,"Join_Count":2,"TARGET_FID":147,"Layer":"TEXT_PARCEL","Text":"7","vill_code":"533016","LGD_CODE":"533016"}},{"type":"Feature","id":144,"geometry":{"type":"Polygon","coordinates":[[[77.726969959929647,20.840594330461201],[77.726761940198983,20.840605916606584],[77.726389203169191,20.839058304109301],[77.726133304472924,20.838379274875528],[77.725962835697899,20.837986370275623],[77.725639158578716,20.837110470892341],[77.7280106612547,20.837485514858464],[77.728314171130165,20.840385849025328],[77.726969959929647,20.840594330461201]]]},"properties":{"FID":144,"Join_Count":2,"TARGET_FID":148,"Layer":"TEXT_PARCEL","Text":"6","vill_code":"533016","LGD_CODE":"533016"}},{"type":"Feature","id":145,"geometry":{"type":"Polygon","coordinates":[[[77.726761940198983,20.840605916606584],[77.726636761235355,20.840608443197567],[77.726272250985161,20.839075226456728],[77.725925065848173,20.838182877619882],[77.725791459360906,20.837885423498154],[77.725202561677065,20.836371436934776],[77.724942995309149,20.835551947427298],[77.724890791089649,20.834922076904689],[77.724775930867921,20.834495332628556],[77.724519029738829,20.833925606325632],[77.724664302830959,20.833914755900654],[77.724757075534342,20.834058015183103],[77.724944442809615,20.834763214351142],[77.724999171995933,20.834841460542727],[77.725074086105707,20.835528742415466],[77.725183726567167,20.835835646817898],[77.725639158578716,20.837110470892341],[77.725962835697899,20.837986370275623],[77.726133304472924,20.838379274875528],[77.726389203169191,20.839058304109301],[77.726761940198983,20.840605916606584]]]},"properties":{"FID":145,"Join_Count":1,"TARGET_FID":149,"Layer":"POLY_PARCEL","Text":"छन\u094Dस\u094Dस\u094D","vill_code":"533016","LGD_CODE":"533016"}},{"type":"Feature","id":146,"geometry":{"type":"Polygon","coordinates":[[[77.723753235994323,20.840645377253644],[77.723312762107398,20.840679524763914],[77.72313062499299,20.84062067155363],[77.723100391408622,20.840410814756101],[77.7230945828356,20.840109403186062],[77.723603074122735,20.840221282412177],[77.723753235994323,20.840645377253644]]]},"properties":{"FID":146,"Join_Count":2,"TARGET_FID":150,"Layer":"TEXT_PARCEL","Text":"152","vill_code":"533016","LGD_CODE":"533016"}},{"type":"Feature","id":147,"geometry":{"type":"Polygon","coordinates":[[[77.723100391408622,20.840410814756101],[77.720977486811989,20.840778036573067],[77.720559725103868,20.838262576654468],[77.720658238971097,20.838153099306279],[77.720404620603773,20.837579691853648],[77.72246992453951,20.837300449274842],[77.722893570726995,20.838644950567542],[77.7230945828356,20.840109403186062],[77.723100391408622,20.840410814756101]]]},"properties":{"FID":147,"Join_Count":2,"TARGET_FID":151,"Layer":"TEXT_PARCEL","Text":"147","vill_code":"533016","LGD_CODE":"533016"}},{"type":"Feature","id":148,"geometry":{"type":"Polygon","coordinates":[[[77.716443417565827,20.839693693596121],[77.714795006742037,20.841772282248595],[77.714440315616145,20.84040891064291],[77.713463280608906,20.84056283350893],[77.713260019704364,20.839349555690927],[77.713067016738862,20.838173915721445],[77.715998439128953,20.837720968181991],[77.716443417565827,20.839693693596121]]]},"properties":{"FID":148,"Join_Count":2,"TARGET_FID":152,"Layer":"TEXT_PARCEL","Text":"129","vill_code":"533016","LGD_CODE":"533016"}},{"type":"Feature","id":149,"geometry":{"type":"Polygon","coordinates":[[[77.726636761235355,20.840608443197567],[77.724091449053248,20.84164592254222],[77.723753235994323,20.840645377253644],[77.723603074122735,20.840221282412177],[77.7230945828356,20.840109403186062],[77.722893570726995,20.838644950567542],[77.725925065848173,20.838182877619882],[77.726272250985161,20.839075226456728],[77.726636761235355,20.840608443197567]]]},"properties":{"FID":149,"Join_Count":2,"TARGET_FID":153,"Layer":"TEXT_PARCEL","Text":"146","vill_code":"533016","LGD_CODE":"533016"}},{"type":"Feature","id":150,"geometry":{"type":"Polygon","coordinates":[[[77.721689016772672,20.842145762877525],[77.720931070875693,20.842471848161725],[77.719183477650304,20.841073553309574],[77.718740291146503,20.840524858302004],[77.718662610827607,20.839001428844274],[77.718658562685675,20.838863475851259],[77.720559725103868,20.838262576654468],[77.720977486811989,20.840778036573067],[77.723100391408622,20.840410814756101],[77.72313062499299,20.84062067155363],[77.723312762107398,20.840679524763914],[77.723753235994323,20.840645377253644],[77.724091449053248,20.84164592254222],[77.721689016772672,20.842145762877525]]]},"properties":{"FID":150,"Join_Count":2,"TARGET_FID":154,"Layer":"TEXT_PARCEL","Text":"148","vill_code":"533016","LGD_CODE":"533016"}},{"type":"Feature","id":151,"geometry":{"type":"Polygon","coordinates":[[[77.714031660965006,20.842716360398647],[77.713849278497435,20.84295596330416],[77.713463280608906,20.84056283350893],[77.714440315616145,20.84040891064291],[77.714795006742037,20.841772282248595],[77.714031660965006,20.842716360398647]]]},"properties":{"FID":151,"Join_Count":2,"TARGET_FID":155,"Layer":"TEXT_PARCEL","Text":"153","vill_code":"533016","LGD_CODE":"533016"}},{"type":"Feature","id":152,"geometry":{"type":"Polygon","coordinates":[[[77.720092157656964,20.842959653816518],[77.720000647884149,20.8430787612083],[77.717787270059148,20.83930501558515],[77.718662610827607,20.839001428844274],[77.718740291146503,20.840524858302004],[77.719183477650304,20.841073553309574],[77.720931070875693,20.842471848161725],[77.720092157656964,20.842959653816518]]]},"properties":{"FID":152,"Join_Count":2,"TARGET_FID":156,"Layer":"TEXT_PARCEL","Text":"149","vill_code":"533016","LGD_CODE":"533016"}},{"type":"Feature","id":153,"geometry":{"type":"Polygon","coordinates":[[[77.719486378243701,20.843393206836396],[77.718498480695217,20.843715483869939],[77.717956994026949,20.842798842692861],[77.717093229250921,20.842495238228331],[77.715640635898708,20.84263027108517],[77.713849278497435,20.84295596330416],[77.714031660965006,20.842716360398647],[77.714795006742037,20.841772282248595],[77.716443417565827,20.839693693596121],[77.717525875800078,20.839398162274357],[77.719055441956968,20.842062105837751],[77.719764915575567,20.84325668650337],[77.719486378243701,20.843393206836396]]]},"properties":{"FID":153,"Join_Count":2,"TARGET_FID":158,"Layer":"TEXT_PARCEL","Text":"150","vill_code":"533016","LGD_CODE":"533016"}},{"type":"Feature","id":154,"geometry":{"type":"Polygon","coordinates":[[[77.724138653656667,20.819882594800639],[77.722975449561659,20.818831965194494],[77.721582503765646,20.818176863232178],[77.721229309670449,20.817309641044957],[77.722872634032854,20.81695912996295],[77.725208263743156,20.816607331851102],[77.724138653656667,20.819882594800639]]]},"properties":{"FID":154,"Join_Count":2,"TARGET_FID":159,"Layer":"TEXT_PARCEL","Text":"88","vill_code":"533016","LGD_CODE":"533016"}},{"type":"Feature","id":155,"geometry":{"type":"Polygon","coordinates":[[[77.727153960604312,20.81688598296628],[77.726675103635586,20.819978792499313],[77.726342955489358,20.820886057826346],[77.724077255229787,20.820854475307765],[77.724138653656667,20.819882594800639],[77.725208263743156,20.816607331851102],[77.727153960604312,20.81688598296628]]]},"properties":{"FID":155,"Join_Count":2,"TARGET_FID":160,"Layer":"TEXT_PARCEL","Text":"87","vill_code":"533016","LGD_CODE":"533016"}},{"type":"Feature","id":156,"geometry":{"type":"Polygon","coordinates":[[[77.721464823326073,20.818161665657541],[77.722199635923204,20.820496164033472],[77.721413289251444,20.821018120454038],[77.719226775439338,20.820535098472469],[77.717065978570105,20.820029233122298],[77.717968294157004,20.817856814135542],[77.721136516427435,20.81733808825695],[77.721464823326073,20.818161665657541]]]},"properties":{"FID":156,"Join_Count":2,"TARGET_FID":161,"Layer":"TEXT_PARCEL","Text":"106","vill_code":"533016","LGD_CODE":"533016"}},{"type":"Feature","id":157,"geometry":{"type":"Polygon","coordinates":[[[77.728132269853504,20.817096063565238],[77.728969055538357,20.817727700416942],[77.729542286133665,20.81821408346072],[77.730231567102535,20.819216676611887],[77.730409814604485,20.819263983580534],[77.73146236825751,20.819603688145737],[77.730867965650418,20.821272602500791],[77.730872625794788,20.821823928616244],[77.72815370489873,20.821735147027312],[77.728051189420768,20.821736738968507],[77.728099345483272,20.819622188917439],[77.727989195808746,20.819613391695995],[77.728076201924367,20.817068915799577],[77.728132269853504,20.817096063565238]]]},"properties":{"FID":157,"Join_Count":2,"TARGET_FID":162,"Layer":"TEXT_PARCEL","Text":"85","vill_code":"533016","LGD_CODE":"533016"}},{"type":"Feature","id":158,"geometry":{"type":"Polygon","coordinates":[[[77.727996398029831,20.817030276635943],[77.728076201924367,20.817068915799577],[77.727989195808746,20.819613391695995],[77.727950669008379,20.821769709761856],[77.726629563781287,20.822344136589464],[77.726467049261402,20.822368370910553],[77.726342955489358,20.820886057826346],[77.726675103635586,20.819978792499313],[77.727153960604312,20.81688598296628],[77.727996398029831,20.817030276635943]]]},"properties":{"FID":158,"Join_Count":2,"TARGET_FID":163,"Layer":"TEXT_PARCEL","Text":"86","vill_code":"533016","LGD_CODE":"533016"}},{"type":"Feature","id":159,"geometry":{"type":"Polygon","coordinates":[[[77.721582503765646,20.818176863232178],[77.722560666862947,20.821226633169875],[77.722990129134232,20.822785671673909],[77.723487702876724,20.824403165797037],[77.724166362374717,20.826212173170017],[77.723969622871564,20.826216607642696],[77.723066311779235,20.823375871978683],[77.722199635923204,20.820496164033472],[77.721464823326073,20.818161665657541],[77.721136516427435,20.81733808825695],[77.721229309670449,20.817309641044957],[77.721582503765646,20.818176863232178]]]},"properties":{"FID":159,"Join_Count":1,"TARGET_FID":164,"Layer":"POLY_PARCEL","Text":"छन\u094Dस\u094Dस\u094D","vill_code":"533016","LGD_CODE":"533016"}},{"type":"Feature","id":160,"geometry":{"type":"Polygon","coordinates":[[[77.717956994026949,20.842798842692861],[77.718498480695217,20.843715483869939],[77.717338893822557,20.843905957069317],[77.714405976977872,20.844973352982574],[77.713962806201351,20.843378162547577],[77.713923939084296,20.843187699769892],[77.713849278497435,20.84295596330416],[77.715640635898708,20.84263027108517],[77.717093229250921,20.842495238228331],[77.717956994026949,20.842798842692861]]]},"properties":{"FID":160,"Join_Count":2,"TARGET_FID":165,"Layer":"TEXT_PARCEL","Text":"151","vill_code":"533016","LGD_CODE":"533016"}}]
}